股票代码,交易日期,开盘价,最高价,最低价,收盘价,昨收盘,涨跌幅,成交量,成交额
hk06188,2019-01-16,0.000000,0.000000,0.000000,2.480000,2.480000,0.000000,0.000000,0.000000
hk06188,2019-01-15,0.000000,0.000000,0.000000,2.480000,2.480000,0.000000,0.000000,0.000000
hk06188,2019-01-14,0.000000,0.000000,0.000000,2.480000,2.480000,0.000000,0.000000,0.000000
hk06188,2019-01-11,0.000000,0.000000,0.000000,2.480000,2.480000,0.000000,0.000000,0.000000
hk06188,2019-01-10,0.000000,0.000000,0.000000,2.480000,2.490000,-0.004016,0.000000,0.000000
hk06188,2019-01-09,0.000000,0.000000,0.000000,2.490000,2.490000,0.000000,0.000000,0.000000
hk06188,2019-01-08,0.000000,0.000000,0.000000,2.490000,2.490000,0.000000,0.000000,0.000000
hk06188,2019-01-07,0.000000,0.000000,0.000000,2.490000,2.490000,0.000000,0.000000,0.000000
hk06188,2019-01-04,0.000000,0.000000,0.000000,2.490000,2.500000,-0.004000,0.000000,0.000000
hk06188,2019-01-03,0.000000,0.000000,0.000000,2.500000,2.500000,0.000000,0.000000,0.000000
hk06188,2019-01-02,0.000000,0.000000,0.000000,2.500000,2.500000,0.000000,0.000000,0.000000
hk06188,2018-12-31,0.000000,0.000000,0.000000,2.500000,2.500000,0.000000,0.000000,0.000000
hk06188,2018-12-28,0.000000,0.000000,0.000000,2.500000,2.500000,0.000000,0.000000,0.000000
hk06188,2018-12-27,0.000000,0.000000,0.000000,2.500000,2.500000,0.000000,0.000000,0.000000
hk06188,2018-12-24,0.000000,0.000000,0.000000,2.500000,2.500000,0.000000,0.000000,0.000000
hk06188,2018-12-21,0.000000,0.000000,0.000000,2.500000,2.500000,0.000000,0.000000,0.000000
hk06188,2018-12-20,0.000000,0.000000,0.000000,2.500000,2.500000,0.000000,0.000000,0.000000
hk06188,2018-12-19,0.000000,0.000000,0.000000,2.500000,2.500000,0.000000,0.000000,0.000000
hk06188,2018-12-18,0.000000,0.000000,0.000000,2.500000,2.500000,0.000000,0.000000,0.000000
hk06188,2018-12-17,0.000000,0.000000,0.000000,2.500000,2.500000,0.000000,0.000000,0.000000
hk06188,2018-12-14,2.490000,2.500000,2.490000,2.500000,2.350000,0.063830,4000.000000,9980.000000
hk06188,2018-12-13,0.000000,0.000000,0.000000,2.350000,2.360000,-0.004237,0.000000,0.000000
hk06188,2018-12-12,0.000000,0.000000,0.000000,2.360000,2.490000,-0.052209,0.000000,0.000000
hk06188,2018-12-11,0.000000,0.000000,0.000000,2.490000,2.490000,0.000000,0.000000,0.000000
hk06188,2018-12-10,0.000000,0.000000,0.000000,2.490000,2.500000,-0.004000,0.000000,0.000000
hk06188,2018-12-07,0.000000,0.000000,0.000000,2.500000,2.500000,0.000000,0.000000,0.000000
hk06188,2018-12-06,0.000000,0.000000,0.000000,2.500000,2.500000,0.000000,0.000000,0.000000
hk06188,2018-12-05,0.000000,0.000000,0.000000,2.500000,2.500000,0.000000,0.000000,0.000000
hk06188,2018-12-04,0.000000,0.000000,0.000000,2.500000,2.500000,0.000000,0.000000,0.000000
hk06188,2018-12-03,0.000000,0.000000,0.000000,2.500000,2.510000,-0.003984,0.000000,0.000000
hk06188,2018-11-30,0.000000,0.000000,0.000000,2.510000,2.550000,-0.015686,0.000000,0.000000
hk06188,2018-11-29,0.000000,0.000000,0.000000,2.550000,2.590000,-0.015444,0.000000,0.000000
hk06188,2018-11-28,0.000000,0.000000,0.000000,2.590000,2.590000,0.000000,0.000000,0.000000
hk06188,2018-11-27,0.000000,0.000000,0.000000,2.590000,2.610000,-0.007663,0.000000,0.000000
hk06188,2018-11-26,2.500000,2.610000,2.500000,2.610000,2.610000,0.000000,9000.000000,22610.000000
hk06188,2018-11-23,2.160000,2.620000,2.150000,2.610000,2.500000,0.044000,24500.000000,57185.000000
hk06188,2018-11-22,2.480000,2.510000,2.480000,2.500000,2.370000,0.054852,7000.000000,17415.000000
hk06188,2018-11-21,0.000000,0.000000,0.000000,2.370000,2.370000,0.000000,0.000000,0.000000
hk06188,2018-11-20,0.000000,0.000000,0.000000,2.370000,2.430000,-0.024691,0.000000,0.000000
hk06188,2018-11-19,2.240000,2.490000,2.240000,2.430000,2.140000,0.135514,18500.000000,44545.000000
hk06188,2018-11-16,2.130000,2.130000,2.130000,2.140000,2.650000,-0.192453,3000.000000,6390.000000
hk06188,2018-11-15,0.000000,0.000000,0.000000,2.650000,2.650000,0.000000,0.000000,0.000000
hk06188,2018-11-14,0.000000,0.000000,0.000000,2.650000,2.650000,0.000000,0.000000,0.000000
hk06188,2018-11-13,0.000000,0.000000,0.000000,2.650000,2.710000,-0.022140,0.000000,0.000000
hk06188,2018-11-12,0.000000,0.000000,0.000000,2.710000,2.710000,0.000000,0.000000,0.000000
hk06188,2018-11-09,2.730000,2.730000,2.730000,2.710000,2.530000,0.071146,2000.000000,5460.000000
hk06188,2018-11-08,0.000000,0.000000,0.000000,2.530000,2.630000,-0.038023,0.000000,0.000000
hk06188,2018-11-07,0.000000,0.000000,0.000000,2.630000,2.730000,-0.036630,0.000000,0.000000
hk06188,2018-11-06,0.000000,0.000000,0.000000,2.730000,2.730000,0.000000,0.000000,0.000000
hk06188,2018-11-05,0.000000,0.000000,0.000000,2.730000,2.740000,-0.003650,0.000000,0.000000
hk06188,2018-11-02,2.290000,2.740000,2.290000,2.740000,2.740000,0.000000,6000.000000,15500.000000
hk06188,2018-11-01,0.000000,0.000000,0.000000,2.740000,2.750000,-0.003636,0.000000,0.000000
hk06188,2018-10-31,2.760000,2.760000,2.760000,2.750000,2.690000,0.022305,1500.000000,4140.000000
hk06188,2018-10-30,2.500000,2.780000,2.500000,2.690000,2.500000,0.076000,36000.000000,91080.000000
hk06188,2018-10-29,2.510000,2.510000,2.500000,2.500000,2.500000,0.000000,2500.000000,6260.000000
hk06188,2018-10-26,2.500000,2.510000,2.500000,2.500000,2.200000,0.136364,12000.000000,30005.000000
hk06188,2018-10-25,2.010000,2.200000,2.010000,2.200000,2.290000,-0.039301,2500.000000,5120.000000
hk06188,2018-10-24,2.200000,2.270000,2.200000,2.290000,2.280000,0.004386,28000.000000,63650.000000
hk06188,2018-10-23,0.000000,0.000000,0.000000,2.280000,2.280000,0.000000,0.000000,0.000000
hk06188,2018-10-22,0.000000,0.000000,0.000000,2.280000,2.280000,0.000000,0.000000,0.000000
hk06188,2018-10-19,0.000000,0.000000,0.000000,2.280000,2.280000,0.000000,0.000000,0.000000
hk06188,2018-10-18,0.000000,0.000000,0.000000,2.280000,2.300000,-0.008696,0.000000,0.000000
hk06188,2018-10-16,2.310000,2.310000,2.300000,2.300000,2.300000,0.000000,12500.000000,28780.000000
hk06188,2018-10-15,2.240000,2.350000,2.240000,2.300000,2.230000,0.031390,11000.000000,25205.000000
hk06188,2018-10-12,0.000000,0.000000,0.000000,2.230000,2.230000,0.000000,0.000000,0.000000
hk06188,2018-10-11,1.980000,2.250000,1.980000,2.230000,2.240000,-0.004464,22500.000000,46095.000000
hk06188,2018-10-10,0.000000,0.000000,0.000000,2.240000,2.240000,0.000000,0.000000,0.000000
hk06188,2018-10-09,0.000000,0.000000,0.000000,2.240000,2.240000,0.000000,0.000000,0.000000
hk06188,2018-10-08,2.200000,2.240000,2.200000,2.240000,2.240000,0.000000,2500.000000,5520.000000
hk06188,2018-10-05,2.220000,2.390000,2.220000,2.240000,2.490000,-0.100402,68000.000000,152585.000000
hk06188,2018-10-04,2.300000,2.490000,2.300000,2.490000,2.490000,0.000000,65000.000000,160520.000000
hk06188,2018-10-03,0.000000,0.000000,0.000000,2.490000,2.490000,0.000000,0.000000,0.000000
hk06188,2018-10-02,0.000000,0.000000,0.000000,2.490000,2.490000,0.000000,0.000000,0.000000
hk06188,2018-09-28,0.000000,0.000000,0.000000,2.490000,2.490000,0.000000,0.000000,0.000000
hk06188,2018-09-27,0.000000,0.000000,0.000000,2.490000,2.490000,0.000000,0.000000,0.000000
hk06188,2018-09-26,2.270000,2.490000,2.270000,2.490000,2.300000,0.082609,11500.000000,27020.000000
hk06188,2018-09-24,2.210000,2.270000,2.190000,2.300000,2.700000,-0.148148,9500.000000,21015.000000
hk06188,2018-09-21,0.000000,0.000000,0.000000,2.700000,2.700000,0.000000,0.000000,0.000000
hk06188,2018-09-20,0.000000,0.000000,0.000000,2.700000,2.700000,0.000000,0.000000,0.000000
hk06188,2018-09-19,0.000000,0.000000,0.000000,2.700000,2.700000,0.000000,0.000000,0.000000
hk06188,2018-09-18,0.000000,0.000000,0.000000,2.700000,2.800000,-0.035714,0.000000,0.000000
hk06188,2018-09-17,2.800000,2.800000,2.800000,2.800000,2.550000,0.098039,1500.000000,4200.000000
hk06188,2018-09-14,0.000000,0.000000,0.000000,2.550000,2.550000,0.000000,0.000000,0.000000
hk06188,2018-09-13,0.000000,0.000000,0.000000,2.550000,2.650000,-0.037736,0.000000,0.000000
hk06188,2018-09-12,0.000000,0.000000,0.000000,2.650000,2.720000,-0.025735,0.000000,0.000000
hk06188,2018-09-11,0.000000,0.000000,0.000000,2.720000,2.720000,0.000000,0.000000,0.000000
hk06188,2018-09-10,2.720000,2.720000,2.720000,2.720000,2.670000,0.018727,3000.000000,8160.000000
hk06188,2018-09-07,0.000000,0.000000,0.000000,2.670000,2.700000,-0.011111,0.000000,0.000000
hk06188,2018-09-06,0.000000,0.000000,0.000000,2.700000,2.740000,-0.014599,0.000000,0.000000
hk06188,2018-09-05,0.000000,0.000000,0.000000,2.740000,2.750000,-0.003636,0.000000,0.000000
hk06188,2018-09-04,2.750000,2.750000,2.750000,2.750000,2.740000,0.003650,4000.000000,11000.000000
hk06188,2018-09-03,2.600000,2.800000,2.600000,2.740000,2.590000,0.057915,24000.000000,63900.000000
hk06188,2018-08-31,2.580000,2.600000,2.580000,2.590000,2.550000,0.015686,19500.000000,50410.000000
hk06188,2018-08-30,2.250000,2.450000,2.250000,2.550000,2.400000,0.062500,13500.000000,32375.000000
hk06188,2018-08-29,2.190000,2.580000,2.190000,2.400000,2.190000,0.095890,40500.000000,91995.000000
hk06188,2018-08-28,0.000000,0.000000,0.000000,2.190000,2.210000,-0.009050,0.000000,0.000000
hk06188,2018-08-27,0.000000,0.000000,0.000000,2.210000,2.210000,0.000000,0.000000,0.000000
hk06188,2018-08-24,0.000000,0.000000,0.000000,2.210000,2.230000,-0.008969,0.000000,0.000000
hk06188,2018-08-23,0.000000,0.000000,0.000000,2.230000,2.230000,0.000000,0.000000,0.000000
hk06188,2018-08-22,0.000000,0.000000,0.000000,2.230000,2.250000,-0.008889,0.000000,0.000000
hk06188,2018-08-21,0.000000,0.000000,0.000000,2.250000,2.250000,0.000000,0.000000,0.000000
hk06188,2018-08-20,0.000000,0.000000,0.000000,2.250000,2.250000,0.000000,0.000000,0.000000
hk06188,2018-08-17,0.000000,0.000000,0.000000,2.250000,2.250000,0.000000,0.000000,0.000000
hk06188,2018-08-16,0.000000,0.000000,0.000000,2.250000,2.250000,0.000000,0.000000,0.000000
hk06188,2018-08-15,0.000000,0.000000,0.000000,2.250000,2.280000,-0.013158,0.000000,0.000000
hk06188,2018-08-14,0.000000,0.000000,0.000000,2.280000,2.300000,-0.008696,0.000000,0.000000
hk06188,2018-08-13,0.000000,0.000000,0.000000,2.300000,2.300000,0.000000,0.000000,0.000000
hk06188,2018-08-10,0.000000,0.000000,0.000000,2.300000,2.300000,0.000000,0.000000,0.000000
hk06188,2018-08-09,0.000000,0.000000,0.000000,2.300000,2.300000,0.000000,0.000000,0.000000
hk06188,2018-08-08,0.000000,0.000000,0.000000,2.300000,2.300000,0.000000,0.000000,0.000000
hk06188,2018-08-07,0.000000,0.000000,0.000000,2.300000,2.300000,0.000000,0.000000,0.000000
hk06188,2018-08-06,0.000000,0.000000,0.000000,2.300000,2.300000,0.000000,0.000000,0.000000
hk06188,2018-08-03,0.000000,0.000000,0.000000,2.300000,2.300000,0.000000,0.000000,0.000000
hk06188,2018-08-02,2.300000,2.300000,2.300000,2.300000,2.370000,-0.029536,1000.000000,2300.000000
hk06188,2018-08-01,2.360000,2.370000,2.360000,2.370000,2.370000,0.000000,109500.000000,259465.000000
hk06188,2018-07-31,0.000000,0.000000,0.000000,2.370000,2.380000,-0.004202,0.000000,0.000000
hk06188,2018-07-30,0.000000,0.000000,0.000000,2.380000,2.380000,0.000000,0.000000,0.000000
hk06188,2018-07-27,0.000000,0.000000,0.000000,2.380000,2.380000,0.000000,0.000000,0.000000
hk06188,2018-07-26,0.000000,0.000000,0.000000,2.380000,2.380000,0.000000,0.000000,0.000000
hk06188,2018-07-25,0.000000,0.000000,0.000000,2.380000,2.380000,0.000000,0.000000,0.000000
hk06188,2018-07-24,0.000000,0.000000,0.000000,2.380000,2.380000,0.000000,0.000000,0.000000
hk06188,2018-07-23,0.000000,0.000000,0.000000,2.380000,2.380000,0.000000,0.000000,0.000000
hk06188,2018-07-20,0.000000,0.000000,0.000000,2.380000,2.380000,0.000000,0.000000,0.000000
hk06188,2018-07-19,2.380000,2.380000,2.380000,2.380000,2.380000,0.000000,2000.000000,4760.000000
hk06188,2018-07-18,0.000000,0.000000,0.000000,2.380000,2.380000,0.000000,0.000000,0.000000
hk06188,2018-07-17,2.380000,2.380000,2.380000,2.380000,2.380000,0.000000,500.000000,1190.000000
hk06188,2018-07-16,0.000000,0.000000,0.000000,2.380000,2.380000,0.000000,0.000000,0.000000
hk06188,2018-07-13,2.410000,2.410000,2.370000,2.380000,2.580000,-0.077519,5500.000000,13235.000000
hk06188,2018-07-12,2.400000,2.400000,2.400000,2.580000,2.400000,0.075000,2000.000000,4800.000000
hk06188,2018-07-11,2.400000,2.550000,2.320000,2.400000,2.720000,-0.117647,52000.000000,125820.000000
hk06188,2018-07-10,0.000000,0.000000,0.000000,2.720000,2.720000,0.000000,0.000000,0.000000
hk06188,2018-07-09,2.550000,2.720000,2.550000,2.720000,2.300000,0.182609,34500.000000,90795.000000
hk06188,2018-07-06,0.000000,0.000000,0.000000,2.300000,2.300000,0.000000,0.000000,0.000000
hk06188,2018-07-05,0.000000,0.000000,0.000000,2.300000,2.300000,0.000000,0.000000,0.000000
hk06188,2018-07-04,0.000000,0.000000,0.000000,2.300000,2.300000,0.000000,0.000000,0.000000
hk06188,2018-07-03,0.000000,0.000000,0.000000,2.300000,2.300000,0.000000,0.000000,0.000000
hk06188,2018-06-29,2.300000,2.300000,2.300000,2.300000,2.380000,-0.033613,20500.000000,47150.000000
hk06188,2018-06-28,2.280000,2.380000,2.280000,2.380000,2.580000,-0.077519,20500.000000,46790.000000
hk06188,2018-06-27,0.000000,0.000000,0.000000,2.580000,2.580000,0.000000,0.000000,0.000000
hk06188,2018-06-26,2.580000,2.580000,2.580000,2.580000,2.580000,0.000000,12000.000000,30960.000000
hk06188,2018-06-25,2.580000,2.580000,2.580000,2.580000,2.600000,-0.007692,23000.000000,59340.000000
hk06188,2018-06-22,0.000000,0.000000,0.000000,2.600000,2.600000,0.000000,0.000000,0.000000
hk06188,2018-06-21,2.600000,2.600000,2.600000,2.600000,2.600000,0.000000,11000.000000,28600.000000
hk06188,2018-06-20,2.610000,2.610000,2.600000,2.600000,2.630000,-0.011407,55000.000000,143025.000000
hk06188,2018-06-19,0.000000,0.000000,0.000000,2.630000,2.630000,0.000000,0.000000,0.000000
hk06188,2018-06-15,0.000000,0.000000,0.000000,2.630000,2.630000,0.000000,0.000000,0.000000
hk06188,2018-06-14,0.000000,0.000000,0.000000,2.630000,2.630000,0.000000,0.000000,0.000000
hk06188,2018-06-13,0.000000,0.000000,0.000000,2.630000,2.630000,0.000000,0.000000,0.000000
hk06188,2018-06-12,0.000000,0.000000,0.000000,2.630000,2.630000,0.000000,0.000000,0.000000
hk06188,2018-06-11,0.000000,0.000000,0.000000,2.630000,2.630000,0.000000,0.000000,0.000000
hk06188,2018-06-08,0.000000,0.000000,0.000000,2.630000,2.630000,0.000000,0.000000,0.000000
hk06188,2018-06-07,0.000000,0.000000,0.000000,2.630000,2.630000,0.000000,0.000000,0.000000
hk06188,2018-06-06,0.000000,0.000000,0.000000,2.630000,2.630000,0.000000,0.000000,0.000000
hk06188,2018-06-05,0.000000,0.000000,0.000000,2.630000,2.620000,0.003817,0.000000,0.000000
hk06188,2018-06-04,2.620000,2.620000,2.620000,2.620000,2.620000,0.000000,4000.000000,10480.000000
hk06188,2018-06-01,2.620000,2.620000,2.620000,2.620000,2.620000,0.000000,9000.000000,23580.000000
hk06188,2018-05-31,2.630000,2.630000,2.620000,2.620000,2.600000,0.007692,75000.000000,196525.000000
hk06188,2018-05-30,0.000000,0.000000,0.000000,2.600000,2.580000,0.007752,0.000000,0.000000
hk06188,2018-05-29,0.000000,0.000000,0.000000,2.580000,2.580000,0.000000,0.000000,0.000000
hk06188,2018-05-28,2.580000,2.580000,2.580000,2.580000,2.580000,0.000000,20000.000000,51600.000000
hk06188,2018-05-25,2.580000,2.580000,2.580000,2.580000,2.580000,0.000000,20000.000000,51600.000000
hk06188,2018-05-24,0.000000,0.000000,0.000000,2.580000,2.580000,0.000000,0.000000,0.000000
hk06188,2018-05-23,0.000000,0.000000,0.000000,2.580000,2.580000,0.000000,0.000000,0.000000
hk06188,2018-05-21,0.000000,0.000000,0.000000,2.580000,2.580000,0.000000,0.000000,0.000000
hk06188,2018-05-18,2.580000,2.580000,2.580000,2.580000,2.580000,0.000000,1000.000000,2580.000000
hk06188,2018-05-17,2.270000,2.270000,2.270000,2.580000,2.500000,0.032000,3000.000000,6810.000000
hk06188,2018-05-16,0.000000,0.000000,0.000000,2.500000,2.500000,0.000000,0.000000,0.000000
hk06188,2018-05-15,0.000000,0.000000,0.000000,2.500000,2.500000,0.000000,0.000000,0.000000
hk06188,2018-05-14,0.000000,0.000000,0.000000,2.500000,2.500000,0.000000,0.000000,0.000000
hk06188,2018-05-11,2.500000,2.500000,2.500000,2.500000,2.650000,-0.056604,4000.000000,10000.000000
hk06188,2018-05-10,0.000000,0.000000,0.000000,2.650000,2.650000,0.000000,0.000000,0.000000
hk06188,2018-05-09,0.000000,0.000000,0.000000,2.650000,2.650000,0.000000,0.000000,0.000000
hk06188,2018-05-08,0.000000,0.000000,0.000000,2.650000,2.650000,0.000000,0.000000,0.000000
hk06188,2018-05-07,0.000000,0.000000,0.000000,2.650000,2.650000,0.000000,0.000000,0.000000
hk06188,2018-05-04,0.000000,0.000000,0.000000,2.650000,2.650000,0.000000,0.000000,0.000000
hk06188,2018-05-03,0.000000,0.000000,0.000000,2.650000,2.650000,0.000000,0.000000,0.000000
hk06188,2018-05-02,0.000000,0.000000,0.000000,2.650000,2.650000,0.000000,0.000000,0.000000
hk06188,2018-04-30,0.000000,0.000000,0.000000,2.650000,2.650000,0.000000,0.000000,0.000000
hk06188,2018-04-27,0.000000,0.000000,0.000000,2.650000,2.650000,0.000000,0.000000,0.000000
hk06188,2018-04-26,2.650000,2.650000,2.650000,2.650000,2.630000,0.007605,9500.000000,25175.000000
hk06188,2018-04-25,0.000000,0.000000,0.000000,2.630000,2.630000,0.000000,0.000000,0.000000
hk06188,2018-04-24,0.000000,0.000000,0.000000,2.630000,2.630000,0.000000,0.000000,0.000000
hk06188,2018-04-23,2.600000,2.600000,2.600000,2.630000,2.600000,0.011538,3000.000000,7800.000000
hk06188,2018-04-20,2.580000,2.580000,2.580000,2.600000,2.600000,0.000000,20000.000000,51600.000000
hk06188,2018-04-19,0.000000,0.000000,0.000000,2.600000,2.600000,0.000000,0.000000,0.000000
hk06188,2018-04-18,0.000000,0.000000,0.000000,2.600000,2.600000,0.000000,0.000000,0.000000
hk06188,2018-04-17,0.000000,0.000000,0.000000,2.600000,2.600000,0.000000,0.000000,0.000000
hk06188,2018-04-16,0.000000,0.000000,0.000000,2.600000,2.630000,-0.011407,0.000000,0.000000
hk06188,2018-04-13,2.630000,2.630000,2.630000,2.630000,2.630000,0.000000,5000.000000,13150.000000
hk06188,2018-04-12,0.000000,0.000000,0.000000,2.630000,2.630000,0.000000,0.000000,0.000000
hk06188,2018-04-11,0.000000,0.000000,0.000000,2.630000,2.650000,-0.007547,0.000000,0.000000
hk06188,2018-04-10,0.000000,0.000000,0.000000,2.650000,2.650000,0.000000,0.000000,0.000000
hk06188,2018-04-09,2.530000,2.680000,2.500000,2.650000,2.380000,0.113445,32500.000000,83310.000000
hk06188,2018-04-06,0.000000,0.000000,0.000000,2.380000,2.370000,0.004219,0.000000,0.000000
hk06188,2018-04-04,2.310000,2.370000,2.280000,2.370000,2.540000,-0.066929,121000.000000,284270.000000
hk06188,2018-04-03,2.500000,2.540000,2.400000,2.540000,2.790000,-0.089606,75000.000000,187100.000000
hk06188,2018-03-29,0.000000,0.000000,0.000000,2.790000,2.790000,0.000000,0.000000,0.000000
hk06188,2018-03-28,0.000000,0.000000,0.000000,2.790000,2.800000,-0.003571,0.000000,0.000000
hk06188,2018-03-27,2.800000,2.800000,2.800000,2.800000,2.700000,0.037037,5000.000000,14000.000000
hk06188,2018-03-26,0.000000,0.000000,0.000000,2.700000,2.700000,0.000000,0.000000,0.000000
hk06188,2018-03-23,0.000000,0.000000,0.000000,2.700000,2.700000,0.000000,0.000000,0.000000
hk06188,2018-03-22,0.000000,0.000000,0.000000,2.700000,2.700000,0.000000,0.000000,0.000000
hk06188,2018-03-21,0.000000,0.000000,0.000000,2.700000,2.700000,0.000000,0.000000,0.000000
hk06188,2018-03-20,0.000000,0.000000,0.000000,2.700000,2.700000,0.000000,0.000000,0.000000
hk06188,2018-03-19,0.000000,0.000000,0.000000,2.700000,2.700000,0.000000,0.000000,0.000000
hk06188,2018-03-16,0.000000,0.000000,0.000000,2.700000,2.700000,0.000000,0.000000,0.000000
hk06188,2018-03-15,0.000000,0.000000,0.000000,2.700000,2.700000,0.000000,0.000000,0.000000
hk06188,2018-03-14,0.000000,0.000000,0.000000,2.700000,2.700000,0.000000,0.000000,0.000000
hk06188,2018-03-13,0.000000,0.000000,0.000000,2.700000,2.700000,0.000000,0.000000,0.000000
hk06188,2018-03-12,0.000000,0.000000,0.000000,2.700000,2.700000,0.000000,0.000000,0.000000
hk06188,2018-03-09,0.000000,0.000000,0.000000,2.700000,2.700000,0.000000,0.000000,0.000000
hk06188,2018-03-08,0.000000,0.000000,0.000000,2.700000,2.700000,0.000000,0.000000,0.000000
hk06188,2018-03-07,0.000000,0.000000,0.000000,2.700000,2.700000,0.000000,0.000000,0.000000
hk06188,2018-03-06,0.000000,0.000000,0.000000,2.700000,2.850000,-0.052632,0.000000,0.000000
hk06188,2018-03-05,0.000000,0.000000,0.000000,2.850000,2.860000,-0.003497,0.000000,0.000000
hk06188,2018-03-02,2.860000,2.860000,2.860000,2.860000,2.800000,0.021429,10000.000000,28600.000000
hk06188,2018-03-01,0.000000,0.000000,0.000000,2.800000,2.800000,0.000000,0.000000,0.000000
hk06188,2018-02-28,0.000000,0.000000,0.000000,2.800000,2.800000,0.000000,0.000000,0.000000
hk06188,2018-02-27,0.000000,0.000000,0.000000,2.800000,2.800000,0.000000,0.000000,0.000000
hk06188,2018-02-26,2.790000,2.800000,2.790000,2.800000,2.800000,0.000000,16500.000000,46155.000000
hk06188,2018-02-23,0.000000,0.000000,0.000000,2.800000,2.850000,-0.017544,0.000000,0.000000
hk06188,2018-02-22,0.000000,0.000000,0.000000,2.850000,2.890000,-0.013841,0.000000,0.000000
hk06188,2018-02-21,0.000000,0.000000,0.000000,2.890000,2.890000,0.000000,0.000000,0.000000
hk06188,2018-02-20,0.000000,0.000000,0.000000,2.890000,2.890000,0.000000,0.000000,0.000000
hk06188,2018-02-15,0.000000,0.000000,0.000000,2.890000,2.890000,0.000000,0.000000,0.000000
hk06188,2018-02-14,0.000000,0.000000,0.000000,2.890000,2.890000,0.000000,0.000000,0.000000
hk06188,2018-02-13,0.000000,0.000000,0.000000,2.890000,2.890000,0.000000,0.000000,0.000000
hk06188,2018-02-12,2.620000,2.900000,2.620000,2.890000,2.580000,0.120155,7000.000000,19990.000000
hk06188,2018-02-09,2.520000,2.590000,2.510000,2.580000,2.840000,-0.091549,37500.000000,95840.000000
hk06188,2018-02-08,0.000000,0.000000,0.000000,2.840000,2.890000,-0.017301,0.000000,0.000000
hk06188,2018-02-07,2.890000,2.900000,2.890000,2.890000,2.900000,-0.003448,20000.000000,57900.000000
hk06188,2018-02-06,2.900000,2.910000,2.900000,2.900000,2.910000,-0.003436,50000.000000,145345.000000
hk06188,2018-02-05,0.000000,0.000000,0.000000,2.910000,2.910000,0.000000,0.000000,0.000000
hk06188,2018-02-02,2.900000,2.920000,2.900000,2.910000,2.900000,0.003448,12000.000000,34940.000000
hk06188,2018-02-01,0.000000,0.000000,0.000000,2.900000,2.920000,-0.006849,0.000000,0.000000
hk06188,2018-01-31,0.000000,0.000000,0.000000,2.920000,2.930000,-0.003413,0.000000,0.000000
hk06188,2018-01-30,0.000000,0.000000,0.000000,2.930000,2.930000,0.000000,0.000000,0.000000
hk06188,2018-01-29,2.950000,2.950000,2.940000,2.930000,2.700000,0.085185,7000.000000,20630.000000
hk06188,2018-01-26,2.700000,2.700000,2.700000,2.700000,2.700000,0.000000,1500.000000,4050.000000
hk06188,2018-01-25,0.000000,0.000000,0.000000,2.700000,2.700000,0.000000,0.000000,0.000000
hk06188,2018-01-24,2.690000,2.690000,2.690000,2.700000,2.700000,0.000000,69000.000000,186140.000000
hk06188,2018-01-23,2.610000,2.700000,2.610000,2.700000,2.890000,-0.065744,36500.000000,97260.000000
hk06188,2018-01-22,0.000000,0.000000,0.000000,2.890000,2.890000,0.000000,0.000000,0.000000
hk06188,2018-01-19,2.890000,2.890000,2.890000,2.890000,2.890000,0.000000,1500.000000,4335.000000
hk06188,2018-01-18,0.000000,0.000000,0.000000,2.890000,2.890000,0.000000,0.000000,0.000000
hk06188,2018-01-17,0.000000,0.000000,0.000000,2.890000,2.890000,0.000000,0.000000,0.000000
hk06188,2018-01-16,0.000000,0.000000,0.000000,2.890000,2.900000,-0.003448,0.000000,0.000000
hk06188,2018-01-15,0.000000,0.000000,0.000000,2.900000,2.900000,0.000000,0.000000,0.000000
hk06188,2018-01-12,2.950000,2.950000,2.900000,2.900000,2.900000,0.000000,5500.000000,16200.000000
hk06188,2018-01-11,2.900000,2.900000,2.900000,2.900000,2.880000,0.006944,10000.000000,29000.000000
hk06188,2018-01-10,0.000000,0.000000,0.000000,2.880000,2.880000,0.000000,0.000000,0.000000
hk06188,2018-01-09,0.000000,0.000000,0.000000,2.880000,2.880000,0.000000,0.000000,0.000000
hk06188,2018-01-08,0.000000,0.000000,0.000000,2.880000,2.890000,-0.003460,0.000000,0.000000
hk06188,2018-01-05,2.510000,2.900000,2.490000,2.890000,2.790000,0.035842,331000.000000,866580.000000
hk06188,2018-01-04,2.790000,2.790000,2.790000,2.790000,2.790000,0.000000,16000.000000,44640.000000
hk06188,2018-01-03,0.000000,0.000000,0.000000,2.790000,2.900000,-0.037931,0.000000,0.000000
hk06188,2018-01-02,0.000000,0.000000,0.000000,2.900000,2.900000,0.000000,0.000000,0.000000
hk06188,2017-12-29,0.000000,0.000000,0.000000,2.900000,2.950000,-0.016949,0.000000,0.000000
hk06188,2017-12-28,0.000000,0.000000,0.000000,2.950000,2.950000,0.000000,0.000000,0.000000
hk06188,2017-12-27,2.950000,2.950000,2.950000,2.950000,2.950000,0.000000,3000.000000,8850.000000
hk06188,2017-12-22,2.800000,2.950000,2.800000,2.950000,2.800000,0.053571,187000.000000,525100.000000
hk06188,2017-12-21,2.800000,2.800000,2.800000,2.800000,2.950000,-0.050847,50000.000000,140000.000000
hk06188,2017-12-20,2.900000,2.950000,2.900000,2.950000,2.950000,0.000000,224000.000000,654405.000000
hk06188,2017-12-19,2.950000,2.950000,2.950000,2.950000,2.950000,0.000000,30000.000000,88500.000000
hk06188,2017-12-18,2.950000,2.950000,2.950000,2.950000,2.950000,0.000000,3000.000000,8850.000000
hk06188,2017-12-15,0.000000,0.000000,0.000000,2.950000,2.950000,0.000000,0.000000,0.000000
hk06188,2017-12-14,2.950000,2.950000,2.940000,2.950000,2.950000,0.000000,138500.000000,408475.000000
hk06188,2017-12-13,2.950000,2.950000,2.950000,2.950000,2.950000,0.000000,5000.000000,14750.000000
hk06188,2017-12-12,0.000000,0.000000,0.000000,2.950000,2.950000,0.000000,0.000000,0.000000
hk06188,2017-12-11,0.000000,0.000000,0.000000,2.950000,2.960000,-0.003378,0.000000,0.000000
hk06188,2017-12-08,2.960000,2.960000,2.960000,2.960000,2.960000,0.000000,6500.000000,19240.000000
hk06188,2017-12-07,0.000000,0.000000,0.000000,2.960000,2.970000,-0.003367,0.000000,0.000000
hk06188,2017-12-06,2.970000,2.970000,2.970000,2.970000,2.950000,0.006780,6000.000000,17820.000000
hk06188,2017-12-05,2.950000,2.950000,2.950000,2.950000,2.950000,0.000000,17000.000000,50150.000000
hk06188,2017-12-04,0.000000,0.000000,0.000000,2.950000,2.960000,-0.003378,0.000000,0.000000
hk06188,2017-12-01,2.970000,2.970000,2.910000,2.960000,2.970000,-0.003367,92000.000000,269185.000000
hk06188,2017-11-30,2.800000,2.980000,2.780000,2.970000,2.990000,-0.006689,58000.000000,167120.000000
hk06188,2017-11-29,2.980000,2.990000,2.880000,2.990000,2.720000,0.099265,39000.000000,115820.000000
hk06188,2017-11-28,2.890000,3.000000,2.700000,2.720000,2.890000,-0.058824,17000.000000,49280.000000
hk06188,2017-11-27,2.890000,2.890000,2.890000,2.890000,3.000000,-0.036667,6000.000000,17340.000000
hk06188,2017-11-24,3.000000,3.000000,3.000000,3.000000,3.010000,-0.003322,7000.000000,21000.000000
hk06188,2017-11-23,0.000000,0.000000,0.000000,3.010000,3.020000,-0.003311,0.000000,0.000000
hk06188,2017-11-22,2.740000,3.050000,2.740000,3.020000,2.710000,0.114391,77000.000000,226625.000000
hk06188,2017-11-21,2.660000,2.800000,2.660000,2.710000,3.050000,-0.111475,14500.000000,38875.000000
hk06188,2017-11-20,0.000000,0.000000,0.000000,3.050000,3.060000,-0.003268,0.000000,0.000000
hk06188,2017-11-17,0.000000,0.000000,0.000000,3.060000,3.150000,-0.028571,0.000000,0.000000
hk06188,2017-11-16,2.980000,3.150000,2.980000,3.150000,2.800000,0.125000,11500.000000,34855.000000
hk06188,2017-11-15,2.800000,2.800000,2.800000,2.800000,2.800000,0.000000,22000.000000,61600.000000
hk06188,2017-11-14,0.000000,0.000000,0.000000,2.800000,2.800000,0.000000,0.000000,0.000000
hk06188,2017-11-13,2.750000,2.800000,2.750000,2.800000,2.860000,-0.020979,33000.000000,91850.000000
hk06188,2017-11-10,2.950000,2.970000,2.860000,2.860000,2.960000,-0.033784,49000.000000,143705.000000
hk06188,2017-11-09,2.820000,3.000000,2.820000,2.960000,2.950000,0.003390,65000.000000,189910.000000
hk06188,2017-11-08,2.750000,2.980000,2.750000,2.950000,2.950000,0.000000,224500.000000,664020.000000
hk06188,2017-11-07,2.950000,2.950000,2.950000,2.950000,2.980000,-0.010067,10000.000000,29500.000000
hk06188,2017-11-06,0.000000,0.000000,0.000000,2.980000,2.990000,-0.003344,0.000000,0.000000
hk06188,2017-11-03,0.000000,0.000000,0.000000,2.990000,2.990000,0.000000,0.000000,0.000000
hk06188,2017-11-02,0.000000,0.000000,0.000000,2.990000,3.000000,-0.003333,0.000000,0.000000
hk06188,2017-11-01,2.870000,3.000000,2.200000,3.000000,2.870000,0.045296,11000.000000,28700.000000
hk06188,2017-10-31,0.000000,0.000000,0.000000,2.870000,2.850000,0.007018,0.000000,0.000000
hk06188,2017-10-30,0.000000,0.000000,0.000000,2.850000,2.850000,0.000000,0.000000,0.000000
hk06188,2017-10-27,2.840000,2.860000,2.840000,2.850000,2.840000,0.003521,830000.000000,2366320.000000
hk06188,2017-10-26,2.840000,2.860000,2.840000,2.840000,2.830000,0.003534,85500.000000,244020.000000
hk06188,2017-10-25,2.800000,2.830000,2.800000,2.830000,2.800000,0.010714,270000.000000,760100.000000
hk06188,2017-10-24,2.800000,2.830000,2.800000,2.800000,2.800000,0.000000,62000.000000,173800.000000
hk06188,2017-10-23,2.700000,2.990000,2.700000,2.800000,2.510000,0.115538,572500.000000,1626975.000000
hk06188,2017-10-20,2.600000,2.600000,2.500000,2.510000,2.660000,-0.056391,31000.000000,79500.000000
hk06188,2017-10-19,2.800000,2.820000,2.660000,2.660000,2.900000,-0.082759,160000.000000,441000.000000
hk06188,2017-10-18,0.000000,0.000000,0.000000,2.900000,2.900000,0.000000,0.000000,0.000000
hk06188,2017-10-17,2.950000,2.950000,2.950000,2.900000,2.950000,-0.016949,8000.000000,23600.000000
hk06188,2017-10-16,2.760000,2.950000,2.760000,2.950000,2.700000,0.092593,30500.000000,89385.000000
hk06188,2017-10-13,2.360000,2.360000,2.360000,2.700000,2.990000,-0.096990,2000.000000,4720.000000
hk06188,2017-10-12,0.000000,0.000000,0.000000,2.990000,2.990000,0.000000,0.000000,0.000000
hk06188,2017-10-11,3.010000,3.010000,2.990000,2.990000,3.010000,-0.006645,28000.000000,84060.000000
hk06188,2017-10-10,3.010000,3.010000,3.000000,3.010000,3.000000,0.003333,59000.000000,177110.000000
hk06188,2017-10-09,2.990000,3.000000,2.990000,3.000000,3.000000,0.000000,37000.000000,110905.000000
hk06188,2017-10-06,2.930000,3.000000,2.930000,3.000000,2.930000,0.023891,8000.000000,23755.000000
hk06188,2017-10-04,2.860000,2.930000,2.860000,2.930000,2.860000,0.024476,89000.000000,258985.000000
hk06188,2017-10-03,2.860000,2.860000,2.860000,2.860000,2.900000,-0.013793,9500.000000,27170.000000
hk06188,2017-09-29,2.940000,2.950000,2.900000,2.900000,2.900000,0.000000,107500.000000,313630.000000
hk06188,2017-09-28,2.890000,2.900000,2.890000,2.900000,2.900000,0.000000,30500.000000,88345.000000
hk06188,2017-09-27,2.910000,2.910000,2.900000,2.900000,2.950000,-0.016949,70500.000000,204555.000000
hk06188,2017-09-26,2.950000,2.950000,2.950000,2.950000,2.900000,0.017241,22000.000000,64900.000000
hk06188,2017-09-25,2.880000,2.920000,2.880000,2.900000,2.880000,0.006944,27000.000000,78310.000000
hk06188,2017-09-22,0.000000,0.000000,0.000000,2.880000,2.880000,0.000000,0.000000,0.000000
hk06188,2017-09-21,2.860000,2.950000,2.860000,2.880000,2.900000,-0.006897,296000.000000,864070.000000
hk06188,2017-09-20,2.870000,2.910000,2.870000,2.900000,2.870000,0.010453,230000.000000,665050.000000
hk06188,2017-09-19,2.870000,2.870000,2.870000,2.870000,2.800000,0.025000,19500.000000,55965.000000
hk06188,2017-09-18,2.800000,2.800000,2.800000,2.800000,2.760000,0.014493,12500.000000,35000.000000
hk06188,2017-09-15,2.700000,2.700000,2.700000,2.760000,2.800000,-0.014286,21000.000000,56700.000000
hk06188,2017-09-14,2.880000,2.880000,2.800000,2.800000,2.800000,0.000000,39500.000000,112510.000000
hk06188,2017-09-13,2.770000,2.800000,2.770000,2.800000,2.790000,0.003584,19500.000000,54225.000000
hk06188,2017-09-12,2.810000,2.810000,2.790000,2.790000,2.860000,-0.024476,40500.000000,113475.000000
hk06188,2017-09-11,2.890000,2.960000,2.860000,2.860000,2.900000,-0.013793,156000.000000,456290.000000
hk06188,2017-09-08,2.900000,2.900000,2.900000,2.900000,2.890000,0.003460,12000.000000,34800.000000
hk06188,2017-09-07,2.890000,2.890000,2.890000,2.890000,2.890000,0.000000,52000.000000,150280.000000
hk06188,2017-09-06,2.830000,2.890000,2.830000,2.890000,2.820000,0.024823,128500.000000,370505.000000
hk06188,2017-09-05,2.860000,2.860000,2.800000,2.820000,2.830000,-0.003534,150000.000000,423535.000000
hk06188,2017-09-04,2.760000,2.880000,2.760000,2.830000,2.780000,0.017986,110000.000000,313560.000000
hk06188,2017-09-01,2.710000,2.790000,2.700000,2.780000,2.660000,0.045113,256500.000000,706835.000000
hk06188,2017-08-31,2.660000,2.660000,2.660000,2.660000,2.660000,0.000000,2500.000000,6650.000000
hk06188,2017-08-30,2.570000,2.660000,2.560000,2.660000,2.590000,0.027027,121000.000000,315975.000000
hk06188,2017-08-29,2.400000,2.700000,2.400000,2.590000,2.400000,0.079167,318000.000000,799410.000000
hk06188,2017-08-28,2.350000,2.400000,2.320000,2.400000,2.350000,0.021277,299000.000000,709900.000000
hk06188,2017-08-25,2.170000,2.350000,2.170000,2.350000,2.170000,0.082949,80500.000000,183245.000000
hk06188,2017-08-24,2.280000,2.280000,2.170000,2.170000,2.180000,-0.004587,2000.000000,4495.000000
hk06188,2017-08-22,0.000000,0.000000,0.000000,2.180000,2.170000,0.004608,0.000000,0.000000
hk06188,2017-08-21,2.200000,2.200000,2.170000,2.170000,2.280000,-0.048246,20000.000000,43660.000000
hk06188,2017-08-18,0.000000,0.000000,0.000000,2.280000,2.280000,0.000000,0.000000,0.000000
hk06188,2017-08-17,0.000000,0.000000,0.000000,2.280000,2.280000,0.000000,0.000000,0.000000
hk06188,2017-08-16,0.000000,0.000000,0.000000,2.280000,2.300000,-0.008696,0.000000,0.000000
hk06188,2017-08-15,0.000000,0.000000,0.000000,2.300000,2.300000,0.000000,0.000000,0.000000
hk06188,2017-08-14,0.000000,0.000000,0.000000,2.300000,2.310000,-0.004329,0.000000,0.000000
hk06188,2017-08-11,0.000000,0.000000,0.000000,2.310000,2.350000,-0.017021,0.000000,0.000000
hk06188,2017-08-10,2.330000,2.350000,2.330000,2.350000,2.340000,0.004274,28000.000000,65685.000000
hk06188,2017-08-09,0.000000,0.000000,0.000000,2.340000,2.340000,0.000000,0.000000,0.000000
hk06188,2017-08-08,0.000000,0.000000,0.000000,2.340000,2.340000,0.000000,0.000000,0.000000
hk06188,2017-08-07,0.000000,0.000000,0.000000,2.340000,2.340000,0.000000,0.000000,0.000000
hk06188,2017-08-04,0.000000,0.000000,0.000000,2.340000,2.340000,0.000000,0.000000,0.000000
hk06188,2017-08-03,0.000000,0.000000,0.000000,2.340000,2.340000,0.000000,0.000000,0.000000
hk06188,2017-08-02,0.000000,0.000000,0.000000,2.340000,2.350000,-0.004255,0.000000,0.000000
hk06188,2017-08-01,2.170000,2.360000,2.170000,2.350000,2.160000,0.087963,218000.000000,483135.000000
hk06188,2017-07-31,0.000000,0.000000,0.000000,2.160000,2.130000,0.014085,0.000000,0.000000
hk06188,2017-07-28,2.100000,2.100000,2.100000,2.130000,2.200000,-0.031818,2000.000000,4200.000000
hk06188,2017-07-27,2.190000,2.200000,2.190000,2.200000,2.210000,-0.004525,12500.000000,27435.000000
hk06188,2017-07-26,2.210000,2.210000,2.210000,2.210000,2.210000,0.000000,10000.000000,22100.000000
hk06188,2017-07-25,2.210000,2.210000,2.210000,2.210000,2.300000,-0.039130,500.000000,1105.000000
hk06188,2017-07-24,2.160000,2.160000,2.160000,2.300000,2.360000,-0.025424,2000.000000,4320.000000
hk06188,2017-07-21,2.260000,2.400000,2.210000,2.360000,2.280000,0.035088,9000.000000,20430.000000
hk06188,2017-07-20,2.280000,2.280000,2.270000,2.280000,2.350000,-0.029787,31500.000000,71775.000000
hk06188,2017-07-19,2.250000,2.350000,2.250000,2.350000,2.250000,0.044444,15000.000000,34250.000000
hk06188,2017-07-18,2.160000,2.250000,2.160000,2.250000,2.140000,0.051402,5000.000000,11160.000000
hk06188,2017-07-17,2.140000,2.140000,2.140000,2.140000,2.140000,0.000000,12500.000000,26750.000000
hk06188,2017-07-14,2.130000,2.130000,2.130000,2.140000,2.300000,-0.069565,5000.000000,10650.000000
hk06188,2017-07-13,0.000000,0.000000,0.000000,2.300000,2.300000,0.000000,0.000000,0.000000
hk06188,2017-07-12,0.000000,0.000000,0.000000,2.300000,2.290000,0.004367,0.000000,0.000000
hk06188,2017-07-11,0.000000,0.000000,0.000000,2.290000,2.290000,0.000000,0.000000,0.000000
hk06188,2017-07-10,0.000000,0.000000,0.000000,2.290000,2.290000,0.000000,0.000000,0.000000
hk06188,2017-07-07,0.000000,0.000000,0.000000,2.290000,2.290000,0.000000,0.000000,0.000000
hk06188,2017-07-06,2.290000,2.290000,2.290000,2.290000,2.410000,-0.049793,10000.000000,22900.000000
hk06188,2017-07-05,2.420000,2.420000,2.410000,2.410000,2.410000,0.000000,36000.000000,86840.000000
hk06188,2017-07-04,2.420000,2.420000,2.410000,2.410000,2.410000,0.000000,97500.000000,234990.000000
hk06188,2017-07-03,0.000000,0.000000,0.000000,2.410000,2.410000,0.000000,0.000000,0.000000
hk06188,2017-06-30,2.380000,2.380000,2.380000,2.410000,2.410000,0.000000,40000.000000,95200.000000
hk06188,2017-06-29,2.410000,2.500000,2.410000,2.410000,2.410000,0.000000,28500.000000,69130.000000
hk06188,2017-06-28,2.420000,2.420000,2.410000,2.410000,2.450000,-0.016327,26000.000000,62770.000000
hk06188,2017-06-27,0.000000,0.000000,0.000000,2.450000,2.450000,0.000000,0.000000,0.000000
hk06188,2017-06-26,2.420000,2.500000,2.420000,2.450000,2.420000,0.012397,23000.000000,56235.000000
hk06188,2017-06-23,2.410000,2.450000,2.410000,2.420000,2.410000,0.004149,19500.000000,47105.000000
hk06188,2017-06-22,2.410000,2.410000,2.410000,2.410000,2.410000,0.000000,33500.000000,80735.000000
hk06188,2017-06-21,2.410000,2.410000,2.410000,2.410000,2.420000,-0.004132,36000.000000,86760.000000
hk06188,2017-06-20,2.410000,2.420000,2.410000,2.420000,2.490000,-0.028112,61000.000000,147155.000000
hk06188,2017-06-19,2.400000,2.490000,2.400000,2.490000,2.370000,0.050633,34500.000000,85545.000000
hk06188,2017-06-16,2.370000,2.370000,2.360000,2.370000,2.370000,0.000000,18500.000000,43715.000000
hk06188,2017-06-15,2.350000,2.490000,2.350000,2.370000,2.350000,0.008511,21000.000000,50970.000000
hk06188,2017-06-14,2.450000,2.450000,2.350000,2.350000,2.380000,-0.012605,42000.000000,99450.000000
hk06188,2017-06-13,0.000000,0.000000,0.000000,2.380000,2.380000,0.000000,0.000000,0.000000
hk06188,2017-06-12,0.000000,0.000000,0.000000,2.380000,2.380000,0.000000,0.000000,0.000000
hk06188,2017-06-09,2.380000,2.380000,2.380000,2.380000,2.400000,-0.008333,4500.000000,10710.000000
hk06188,2017-06-08,2.350000,2.400000,2.330000,2.400000,2.300000,0.043478,18500.000000,43325.000000
hk06188,2017-06-07,0.000000,0.000000,0.000000,2.300000,2.300000,0.000000,0.000000,0.000000
hk06188,2017-06-06,0.000000,0.000000,0.000000,2.300000,2.300000,0.000000,0.000000,0.000000
hk06188,2017-06-05,0.000000,0.000000,0.000000,2.300000,2.300000,0.000000,0.000000,0.000000
hk06188,2017-06-02,2.300000,2.300000,2.300000,2.300000,2.300000,0.000000,10000.000000,23000.000000
hk06188,2017-06-01,2.310000,2.310000,2.300000,2.300000,2.300000,0.000000,40000.000000,92050.000000
hk06188,2017-05-31,2.310000,2.320000,2.300000,2.300000,2.360000,-0.025424,126500.000000,291785.000000
hk06188,2017-05-29,2.320000,2.370000,2.320000,2.360000,2.320000,0.017241,1500.000000,3530.000000
hk06188,2017-05-26,0.000000,0.000000,0.000000,2.320000,2.320000,0.000000,0.000000,0.000000
hk06188,2017-05-25,2.410000,2.410000,2.310000,2.320000,2.400000,-0.033333,30500.000000,70585.000000
hk06188,2017-05-24,2.400000,2.460000,2.400000,2.400000,2.300000,0.043478,4000.000000,9655.000000
hk06188,2017-05-23,0.000000,0.000000,0.000000,2.300000,2.300000,0.000000,0.000000,0.000000
hk06188,2017-05-22,2.300000,2.310000,2.300000,2.300000,2.300000,0.000000,47500.000000,109265.000000
hk06188,2017-05-19,2.300000,2.320000,2.300000,2.300000,2.320000,-0.008621,42500.000000,97800.000000
hk06188,2017-05-18,2.350000,2.350000,2.320000,2.320000,2.400000,-0.033333,15000.000000,34955.000000
hk06188,2017-05-17,2.390000,2.400000,2.390000,2.400000,2.390000,0.004184,49000.000000,117340.000000
hk06188,2017-05-16,2.430000,2.460000,2.390000,2.390000,2.430000,-0.016461,46500.000000,112515.000000
hk06188,2017-05-15,2.320000,2.430000,2.320000,2.430000,2.550000,-0.047059,45000.000000,108520.000000
hk06188,2017-05-12,2.450000,2.630000,2.400000,2.550000,2.560000,-0.003906,172500.000000,431680.000000
hk06188,2017-05-11,2.770000,3.070000,2.490000,2.560000,2.220000,0.153153,1784500.000000,4886000.000000
hk06188,2017-05-10,2.310000,2.310000,2.210000,2.220000,2.310000,-0.038961,140000.000000,313730.000000
hk06188,2017-05-09,2.300000,2.300000,2.300000,2.310000,2.430000,-0.049383,6000.000000,13800.000000
hk06188,2017-05-08,0.000000,0.000000,0.000000,2.430000,2.430000,0.000000,0.000000,0.000000
hk06188,2017-05-05,0.000000,0.000000,0.000000,2.430000,2.430000,0.000000,0.000000,0.000000
hk06188,2017-05-04,0.000000,0.000000,0.000000,2.430000,2.430000,0.000000,0.000000,0.000000
hk06188,2017-05-02,2.450000,2.450000,2.450000,2.430000,2.440000,-0.004098,25000.000000,61250.000000
hk06188,2017-04-28,2.440000,2.500000,2.400000,2.440000,2.320000,0.051724,241500.000000,586755.000000
hk06188,2017-04-27,0.000000,0.000000,0.000000,2.320000,2.320000,0.000000,0.000000,0.000000
hk06188,2017-04-26,2.390000,2.390000,2.250000,2.320000,2.320000,0.000000,41000.000000,94510.000000
hk06188,2017-04-25,2.220000,2.400000,2.220000,2.320000,2.220000,0.045045,149000.000000,343305.000000
hk06188,2017-04-24,0.000000,0.000000,0.000000,2.220000,2.220000,0.000000,0.000000,0.000000
hk06188,2017-04-21,2.220000,2.220000,2.220000,2.220000,2.220000,0.000000,110500.000000,245310.000000
hk06188,2017-04-20,2.220000,2.220000,2.220000,2.220000,2.220000,0.000000,59000.000000,130980.000000
hk06188,2017-04-19,2.210000,2.220000,2.210000,2.220000,2.220000,0.000000,15000.000000,33250.000000
hk06188,2017-04-18,2.230000,2.230000,2.220000,2.220000,2.190000,0.013699,70000.000000,155595.000000
hk06188,2017-04-13,2.290000,2.290000,2.160000,2.190000,2.260000,-0.030973,19000.000000,42180.000000
hk06188,2017-04-12,2.260000,2.260000,2.250000,2.260000,2.300000,-0.017391,10000.000000,22530.000000
hk06188,2017-04-11,2.380000,2.380000,2.240000,2.300000,2.380000,-0.033613,37000.000000,84290.000000
hk06188,2017-04-10,2.490000,2.490000,2.370000,2.380000,2.490000,-0.044177,105000.000000,255450.000000
hk06188,2017-04-07,2.490000,2.490000,2.490000,2.490000,2.510000,-0.007968,12000.000000,29880.000000
hk06188,2017-04-06,0.000000,0.000000,0.000000,2.510000,2.510000,0.000000,0.000000,0.000000
hk06188,2017-04-05,0.000000,0.000000,0.000000,2.510000,2.510000,0.000000,0.000000,0.000000
hk06188,2017-04-03,0.000000,0.000000,0.000000,2.510000,2.510000,0.000000,0.000000,0.000000
hk06188,2017-03-31,2.520000,2.520000,2.520000,2.510000,2.530000,-0.007905,10000.000000,25200.000000
hk06188,2017-03-30,2.540000,2.540000,2.330000,2.530000,2.530000,0.000000,56500.000000,133955.000000
hk06188,2017-03-29,2.460000,2.640000,2.450000,2.530000,2.550000,-0.007843,88000.000000,223540.000000
hk06188,2017-03-28,2.560000,2.560000,2.550000,2.550000,2.600000,-0.019231,66000.000000,168410.000000
hk06188,2017-03-27,2.690000,2.690000,2.600000,2.600000,2.700000,-0.037037,20000.000000,52900.000000
hk06188,2017-03-24,0.000000,0.000000,0.000000,2.700000,2.750000,-0.018182,0.000000,0.000000
hk06188,2017-03-23,2.650000,2.750000,2.650000,2.750000,2.750000,0.000000,10000.000000,27025.000000
hk06188,2017-03-22,2.630000,2.760000,2.620000,2.750000,2.630000,0.045627,377000.000000,1013005.000000
hk06188,2017-03-21,2.630000,2.630000,2.630000,2.630000,2.630000,0.000000,10000.000000,26300.000000
hk06188,2017-03-20,2.630000,2.630000,2.630000,2.630000,2.630000,0.000000,72500.000000,190675.000000
hk06188,2017-03-17,0.000000,0.000000,0.000000,2.630000,2.630000,0.000000,0.000000,0.000000
hk06188,2017-03-16,2.670000,2.670000,2.630000,2.630000,2.550000,0.031373,5500.000000,14485.000000
hk06188,2017-03-15,2.840000,2.840000,2.550000,2.550000,2.460000,0.036585,15500.000000,39670.000000
hk06188,2017-03-14,2.470000,2.470000,2.450000,2.460000,2.460000,0.000000,16000.000000,39340.000000
hk06188,2017-03-13,2.560000,2.560000,2.390000,2.460000,2.580000,-0.046512,642500.000000,1571980.000000
hk06188,2017-03-10,0.000000,0.000000,0.000000,2.580000,2.580000,0.000000,0.000000,0.000000
hk06188,2017-03-09,0.000000,0.000000,0.000000,2.580000,2.590000,-0.003861,0.000000,0.000000
hk06188,2017-03-08,0.000000,0.000000,0.000000,2.590000,2.590000,0.000000,0.000000,0.000000
hk06188,2017-03-07,0.000000,0.000000,0.000000,2.590000,2.600000,-0.003846,0.000000,0.000000
hk06188,2017-03-06,2.600000,2.600000,2.600000,2.600000,2.540000,0.023622,500.000000,1300.000000
hk06188,2017-03-03,0.000000,0.000000,0.000000,2.540000,2.540000,0.000000,0.000000,0.000000
hk06188,2017-03-02,2.500000,2.590000,2.500000,2.540000,2.540000,0.000000,14500.000000,36615.000000
hk06188,2017-03-01,2.450000,2.600000,2.450000,2.540000,2.360000,0.076271,74500.000000,190725.000000
hk06188,2017-02-28,2.350000,2.350000,2.350000,2.360000,2.590000,-0.088803,9500.000000,22325.000000
hk06188,2017-02-27,0.000000,0.000000,0.000000,2.590000,2.590000,0.000000,0.000000,0.000000
hk06188,2017-02-24,0.000000,0.000000,0.000000,2.590000,2.600000,-0.003846,0.000000,0.000000
hk06188,2017-02-23,0.000000,0.000000,0.000000,2.600000,2.680000,-0.029851,0.000000,0.000000
hk06188,2017-02-22,2.520000,2.680000,2.510000,2.680000,2.510000,0.067729,24500.000000,61720.000000
hk06188,2017-02-21,2.500000,2.500000,2.500000,2.510000,2.670000,-0.059925,2000.000000,5000.000000
hk06188,2017-02-20,2.670000,2.670000,2.670000,2.670000,2.530000,0.055336,500.000000,1335.000000
hk06188,2017-02-17,0.000000,0.000000,0.000000,2.530000,2.530000,0.000000,0.000000,0.000000
hk06188,2017-02-16,2.480000,2.480000,2.480000,2.530000,2.680000,-0.055970,8000.000000,19840.000000
hk06188,2017-02-15,0.000000,0.000000,0.000000,2.680000,2.680000,0.000000,0.000000,0.000000
hk06188,2017-02-14,2.930000,2.930000,2.600000,2.680000,2.830000,-0.053004,111500.000000,297875.000000
hk06188,2017-02-13,2.450000,3.150000,2.450000,2.830000,2.470000,0.145749,224500.000000,587900.000000
hk06188,2017-02-10,2.610000,2.610000,2.460000,2.470000,2.500000,-0.012000,39500.000000,98115.000000
hk06188,2017-02-09,0.000000,0.000000,0.000000,2.500000,2.500000,0.000000,0.000000,0.000000
hk06188,2017-02-08,2.500000,2.500000,2.500000,2.500000,2.540000,-0.015748,500.000000,1250.000000
hk06188,2017-02-07,0.000000,0.000000,0.000000,2.540000,2.540000,0.000000,0.000000,0.000000
hk06188,2017-02-06,0.000000,0.000000,0.000000,2.540000,2.550000,-0.003922,0.000000,0.000000
hk06188,2017-02-03,0.000000,0.000000,0.000000,2.550000,2.550000,0.000000,0.000000,0.000000
hk06188,2017-02-02,0.000000,0.000000,0.000000,2.550000,2.550000,0.000000,0.000000,0.000000
hk06188,2017-02-01,0.000000,0.000000,0.000000,2.550000,2.550000,0.000000,0.000000,0.000000
hk06188,2017-01-27,0.000000,0.000000,0.000000,2.550000,2.550000,0.000000,0.000000,0.000000
hk06188,2017-01-26,2.550000,2.550000,2.550000,2.550000,2.550000,0.000000,2000.000000,5100.000000
hk06188,2017-01-25,0.000000,0.000000,0.000000,2.550000,2.550000,0.000000,0.000000,0.000000
hk06188,2017-01-23,2.550000,2.550000,2.550000,2.550000,2.590000,-0.015444,22000.000000,56100.000000
hk06188,2017-01-20,2.450000,2.600000,2.450000,2.600000,2.450000,0.061224,41500.000000,104225.000000
hk06188,2017-01-19,0.000000,0.000000,0.000000,2.450000,2.450000,0.000000,0.000000,0.000000
hk06188,2017-01-17,0.000000,0.000000,0.000000,2.450000,2.450000,0.000000,0.000000,0.000000
hk06188,2017-01-16,0.000000,0.000000,0.000000,2.450000,2.450000,0.000000,0.000000,0.000000
hk06188,2017-01-13,2.450000,2.450000,2.450000,2.450000,2.500000,-0.020000,7000.000000,17150.000000
hk06188,2017-01-12,2.400000,2.500000,2.380000,2.500000,2.400000,0.041667,71000.000000,170370.000000
hk06188,2017-01-11,0.000000,0.000000,0.000000,2.400000,2.420000,-0.008264,0.000000,0.000000
hk06188,2017-01-10,0.000000,0.000000,0.000000,2.420000,2.420000,0.000000,0.000000,0.000000
hk06188,2017-01-09,0.000000,0.000000,0.000000,2.420000,2.420000,0.000000,0.000000,0.000000
hk06188,2017-01-06,0.000000,0.000000,0.000000,2.420000,2.420000,0.000000,0.000000,0.000000
hk06188,2017-01-05,0.000000,0.000000,0.000000,2.420000,2.420000,0.000000,0.000000,0.000000
hk06188,2017-01-04,2.420000,2.420000,2.390000,2.420000,2.500000,-0.032000,4000.000000,9620.000000
hk06188,2017-01-03,0.000000,0.000000,0.000000,2.500000,2.500000,0.000000,0.000000,0.000000
hk06188,2016-12-30,0.000000,0.000000,0.000000,0.000000,2.400000,-1.000000,0.000000,0.000000
hk06188,2016-12-29,2.030000,2.400000,2.030000,2.400000,2.500000,-0.040000,15000.000000,32300.000000
hk06188,2016-12-28,0.000000,0.000000,0.000000,2.500000,2.500000,0.000000,0.000000,0.000000
hk06188,2016-12-23,0.000000,0.000000,0.000000,2.500000,2.500000,0.000000,0.000000,0.000000
hk06188,2016-12-22,0.000000,0.000000,0.000000,2.500000,2.500000,0.000000,0.000000,0.000000
hk06188,2016-12-21,2.500000,2.500000,2.500000,2.500000,2.500000,0.000000,1500.000000,3750.000000
hk06188,2016-12-20,0.000000,0.000000,0.000000,2.500000,2.500000,0.000000,17000.000000,42500.000000
hk06188,2016-12-19,0.000000,0.000000,0.000000,2.500000,2.500000,0.000000,0.000000,0.000000
hk06188,2016-12-15,2.640000,2.640000,2.640000,2.560000,2.600000,-0.015385,20000.000000,52800.000000
hk06188,2016-12-14,2.640000,2.640000,2.640000,2.600000,2.500000,0.040000,9000.000000,23760.000000
hk06188,2016-12-13,0.000000,0.000000,0.000000,2.500000,2.500000,0.000000,0.000000,0.000000
hk06188,2016-12-12,0.000000,0.000000,0.000000,2.500000,2.500000,0.000000,0.000000,0.000000
hk06188,2016-12-09,2.500000,2.500000,2.500000,2.500000,2.550000,-0.019608,9000.000000,22500.000000
hk06188,2016-12-08,2.570000,2.570000,2.550000,2.550000,2.570000,-0.007782,26500.000000,67975.000000
hk06188,2016-12-07,2.570000,2.570000,2.570000,2.570000,2.570000,0.000000,3000.000000,7710.000000
hk06188,2016-12-06,0.000000,0.000000,0.000000,2.570000,2.570000,0.000000,0.000000,0.000000
hk06188,2016-12-05,0.000000,0.000000,0.000000,2.570000,2.570000,0.000000,0.000000,0.000000
hk06188,2016-12-02,0.000000,0.000000,0.000000,2.570000,2.600000,-0.011538,0.000000,0.000000
hk06188,2016-12-01,0.000000,0.000000,0.000000,2.600000,2.600000,0.000000,0.000000,0.000000
hk06188,2016-11-30,0.000000,0.000000,0.000000,2.600000,2.600000,0.000000,0.000000,0.000000
hk06188,2016-11-29,2.600000,2.600000,2.600000,2.600000,2.600000,0.000000,1500.000000,3900.000000
hk06188,2016-11-28,2.490000,2.640000,2.490000,2.600000,2.490000,0.044177,32500.000000,82920.000000
hk06188,2016-11-25,2.490000,2.490000,2.490000,2.490000,2.500000,-0.004000,6000.000000,14940.000000
hk06188,2016-11-24,2.500000,2.500000,2.500000,2.500000,2.570000,-0.027237,101500.000000,253750.000000
hk06188,2016-11-18,2.610000,2.610000,2.600000,2.600000,2.610000,-0.003831,32000.000000,83420.000000
hk06188,2016-11-17,2.610000,2.630000,2.600000,2.610000,2.740000,-0.047445,71000.000000,185420.000000
hk06188,2016-11-16,2.700000,2.750000,2.700000,2.740000,2.710000,0.011070,36500.000000,98655.000000
hk06188,2016-11-15,2.670000,2.880000,2.600000,2.710000,2.900000,-0.065517,228000.000000,618950.000000
hk06188,2016-11-14,0.000000,0.000000,0.000000,2.900000,2.980000,-0.026846,0.000000,0.000000
hk06188,2016-11-11,0.000000,0.000000,0.000000,2.980000,2.980000,0.000000,0.000000,0.000000
hk06188,2016-11-10,0.000000,0.000000,0.000000,2.980000,3.000000,-0.006667,0.000000,0.000000
hk06188,2016-11-09,0.000000,0.000000,0.000000,3.000000,3.000000,0.000000,0.000000,0.000000
hk06188,2016-11-08,0.000000,0.000000,0.000000,3.000000,3.000000,0.000000,0.000000,0.000000
hk06188,2016-11-07,0.000000,0.000000,0.000000,3.000000,3.050000,-0.016393,0.000000,0.000000
hk06188,2016-11-04,3.080000,3.080000,3.080000,3.050000,3.080000,-0.009740,2000.000000,6160.000000
hk06188,2016-11-03,0.000000,0.000000,0.000000,3.080000,3.080000,0.000000,0.000000,0.000000
hk06188,2016-11-02,0.000000,0.000000,0.000000,3.080000,3.080000,0.000000,0.000000,0.000000
hk06188,2016-11-01,0.000000,0.000000,0.000000,3.080000,3.080000,0.000000,0.000000,0.000000
hk06188,2016-10-31,0.000000,0.000000,0.000000,3.080000,3.080000,0.000000,0.000000,0.000000
hk06188,2016-10-28,0.000000,0.000000,0.000000,3.080000,3.080000,0.000000,0.000000,0.000000
hk06188,2016-10-27,0.000000,0.000000,0.000000,3.080000,3.080000,0.000000,0.000000,0.000000
hk06188,2016-10-26,0.000000,0.000000,0.000000,3.080000,3.090000,-0.003236,0.000000,0.000000
hk06188,2016-10-25,3.100000,3.100000,3.100000,3.090000,3.090000,0.000000,20000.000000,62000.000000
hk06188,2016-10-24,3.090000,3.100000,3.090000,3.090000,3.090000,0.000000,84000.000000,259690.000000
hk06188,2016-10-20,3.100000,3.130000,3.100000,3.090000,3.090000,0.000000,50000.000000,155150.000000
hk06188,2016-10-19,3.090000,3.100000,3.090000,3.090000,3.020000,0.023179,60000.000000,185935.000000
hk06188,2016-10-18,0.000000,0.000000,0.000000,3.020000,3.020000,0.000000,0.000000,0.000000
hk06188,2016-10-17,3.000000,3.090000,3.000000,3.020000,3.090000,-0.022654,59500.000000,178630.000000
hk06188,2016-10-14,3.100000,3.100000,3.000000,3.090000,2.950000,0.047458,160000.000000,484550.000000
hk06188,2016-10-12,2.870000,2.980000,2.870000,2.980000,2.870000,0.038328,369500.000000,1095820.000000
hk06188,2016-10-11,2.780000,2.870000,2.780000,2.870000,2.870000,0.000000,63500.000000,182064.984000
hk06188,2016-10-06,2.890000,2.890000,2.890000,2.890000,2.850000,0.014035,500.000000,1445.000000
hk06188,2016-10-03,2.940000,2.940000,2.940000,2.940000,2.800000,0.050000,500.000000,1470.000000
hk06188,2016-09-30,2.800000,2.800000,2.800000,2.800000,2.910000,-0.037801,10000.000000,28000.000000
hk06188,2016-09-29,2.880000,2.960000,2.880000,2.910000,2.800000,0.039286,11500.000000,33640.000000
hk06188,2016-09-28,2.880000,2.880000,2.760000,2.800000,2.880000,-0.027778,26000.000000,72870.000000
hk06188,2016-09-27,2.810000,2.880000,2.790000,2.880000,2.650000,0.086792,238500.000000,670620.063000
hk06188,2016-09-23,2.650000,2.650000,2.650000,2.650000,2.700000,-0.018519,25000.000000,66280.000000
hk06188,2016-09-22,2.700000,2.700000,2.700000,2.700000,2.700000,0.000000,14000.000000,37800.000000
hk06188,2016-09-15,2.670000,2.770000,2.530000,2.770000,2.670000,0.037453,30500.000000,81065.000000
hk06188,2016-09-14,2.700000,2.700000,2.670000,2.670000,2.790000,-0.043011,27000.000000,72520.000000
hk06188,2016-09-13,2.800000,2.810000,2.790000,2.790000,2.760000,0.010870,157000.000000,439840.000000
hk06188,2016-09-12,2.760000,2.980000,2.760000,2.760000,2.780000,-0.007194,743500.000000,2085295.000000
hk06188,2016-09-09,2.790000,2.790000,2.760000,2.780000,2.770000,0.003610,15500.000000,42970.000000
hk06188,2016-09-08,2.740000,2.780000,2.680000,2.770000,2.680000,0.033582,128000.000000,347695.000000
hk06188,2016-09-07,2.600000,2.680000,2.590000,2.680000,2.670000,0.003745,40500.000000,107755.000000
hk06188,2016-09-06,2.670000,2.700000,2.670000,2.670000,2.630000,0.015209,38500.000000,103060.000000
hk06188,2016-09-05,2.630000,2.630000,2.630000,2.630000,2.640000,-0.003788,2500.000000,6575.000000
hk06188,2016-09-02,2.650000,2.690000,2.600000,2.640000,2.650000,-0.003774,67000.000000,177144.984000
hk06188,2016-09-01,2.530000,2.700000,2.530000,2.650000,2.540000,0.043307,11500.000000,29240.000000
hk06188,2016-08-31,2.600000,2.600000,2.540000,2.540000,2.700000,-0.059259,5500.000000,14270.000000
hk06188,2016-08-30,2.700000,2.700000,2.700000,2.700000,2.740000,-0.014599,10000.000000,27000.000000
hk06188,2016-08-29,2.620000,2.770000,2.620000,2.740000,2.630000,0.041825,31500.000000,86255.000000
hk06188,2016-08-25,2.780000,2.780000,2.560000,2.670000,2.600000,0.026923,16000.000000,41125.000000
hk06188,2016-08-24,2.580000,2.700000,2.570000,2.600000,2.600000,0.000000,25000.000000,64870.000000
hk06188,2016-08-23,2.600000,2.600000,2.600000,2.600000,2.580000,0.007752,2500.000000,6500.000000
hk06188,2016-08-22,2.640000,2.640000,2.580000,2.580000,2.580000,0.000000,5500.000000,14490.000000
hk06188,2016-08-19,2.580000,2.580000,2.580000,2.580000,2.560000,0.007812,3000.000000,7740.000000
hk06188,2016-08-17,2.550000,2.780000,2.550000,2.550000,2.640000,-0.034091,69000.000000,176250.000000
hk06188,2016-08-16,2.550000,2.690000,2.550000,2.640000,2.580000,0.023256,33000.000000,84990.000000
hk06188,2016-08-15,2.500000,2.640000,2.500000,2.580000,2.410000,0.070539,31000.000000,77570.000000
hk06188,2016-08-12,2.410000,2.410000,2.410000,2.410000,2.410000,0.000000,5500.000000,13255.000000
hk06188,2016-08-11,2.470000,2.470000,2.410000,2.410000,2.410000,0.000000,3274000.000000,8512120.000000
hk06188,2016-08-10,2.400000,2.410000,2.390000,2.410000,2.610000,-0.076628,35000.000000,84065.000000
hk06188,2016-08-04,2.610000,2.610000,2.610000,2.610000,2.650000,-0.015094,538000.000000,1398800.000000
hk06188,2016-08-01,2.420000,2.650000,2.420000,2.650000,2.450000,0.081633,28000.000000,71740.000000
hk06188,2016-07-28,2.400000,2.520000,2.310000,2.520000,2.400000,0.050000,2389500.000000,6189110.000000
hk06188,2016-07-27,2.440000,2.450000,2.400000,2.400000,2.450000,-0.020408,30500.000000,73720.000000
hk06188,2016-07-26,2.450000,2.450000,2.450000,2.450000,2.490000,-0.016064,17000.000000,41650.000000
hk06188,2016-07-20,2.480000,2.480000,2.480000,2.480000,2.480000,0.000000,2000.000000,4960.000000
hk06188,2016-07-19,2.480000,2.480000,2.480000,2.480000,2.450000,0.012245,500.000000,1240.000000
hk06188,2016-07-15,2.420000,2.640000,2.420000,2.450000,2.670000,-0.082397,43500.000000,106835.000000
hk06188,2016-07-14,2.690000,2.690000,2.670000,2.670000,2.600000,0.026923,14372500.000000,37368712.000000
hk06188,2016-07-12,2.750000,2.750000,2.650000,2.650000,2.610000,0.015326,5500.000000,15075.000000
hk06188,2016-07-08,2.830000,2.830000,2.660000,2.660000,2.600000,0.023077,2500.000000,7075.000000
hk06188,2016-07-07,2.600000,2.690000,2.600000,2.600000,2.600000,0.000000,6923500.000000,18001146.000000
hk06188,2016-07-06,2.640000,2.640000,2.600000,2.600000,2.610000,-0.003831,2000.000000,5280.000000
hk06188,2016-07-04,2.610000,2.610000,2.610000,2.610000,2.490000,0.048193,6000.000000,15710.000000
hk06188,2016-06-30,2.490000,2.490000,2.490000,2.490000,2.500000,-0.004000,10000.000000,24900.000000
hk06188,2016-06-29,2.400000,2.500000,2.400000,2.500000,2.600000,-0.038462,53500.000000,131485.000000
hk06188,2016-06-28,2.690000,2.690000,2.600000,2.600000,2.400000,0.083333,19500.000000,51485.000000
hk06188,2016-06-24,2.500000,2.510000,2.400000,2.400000,2.510000,-0.043825,24000.000000,60005.000000
hk06188,2016-06-23,2.510000,2.510000,2.510000,2.510000,2.480000,0.012097,1000.000000,2510.000000
hk06188,2016-06-22,2.480000,2.480000,2.480000,2.480000,2.600000,-0.046154,2000.000000,4960.000000
hk06188,2016-06-21,2.800000,2.800000,2.600000,2.600000,2.600000,0.000000,12500.000000,34100.000000
hk06188,2016-06-20,2.550000,2.600000,2.550000,2.600000,2.560000,0.015625,7500.000000,19140.000000
hk06188,2016-06-17,2.600000,2.600000,2.560000,2.560000,2.550000,0.003922,18000.000000,46480.000000
hk06188,2016-06-16,2.450000,2.550000,2.450000,2.550000,2.460000,0.036585,2500.000000,6175.000000
hk06188,2016-06-15,2.460000,2.460000,2.460000,2.460000,2.650000,-0.071698,500.000000,1230.000000
hk06188,2016-06-14,2.550000,2.760000,2.550000,2.650000,2.540000,0.043307,7500.000000,19510.000000
hk06188,2016-06-08,2.830000,2.940000,2.410000,2.540000,2.710000,-0.062731,12477000.000000,32783838.000000
hk06188,2016-06-07,2.710000,2.710000,2.710000,2.710000,2.710000,0.000000,20000.000000,54200.000000
hk06188,2016-06-06,2.700000,2.710000,2.700000,2.710000,2.710000,0.000000,16500.000000,44650.000000
hk06188,2016-06-01,2.530000,2.730000,2.530000,2.720000,2.720000,0.000000,31500.000000,83790.000000
hk06188,2016-05-31,2.700000,2.990000,2.550000,2.720000,2.700000,0.007407,147500.000000,388220.000000
hk06188,2016-05-30,2.480000,2.700000,2.480000,2.700000,2.900000,-0.068966,10500.000000,28240.000000
hk06188,2016-05-23,2.900000,2.900000,2.900000,2.900000,2.750000,0.054545,10000.000000,29000.000000
hk06188,2016-05-18,2.750000,2.750000,2.750000,2.750000,2.800000,-0.017857,1000.000000,2750.000000
hk06188,2016-05-17,2.800000,2.800000,2.800000,2.800000,2.640000,0.060606,3000.000000,8400.000000
hk06188,2016-05-13,2.890000,2.890000,2.640000,2.640000,2.790000,-0.053763,4000.000000,11310.000000
hk06188,2016-05-11,2.800000,2.800000,2.790000,2.790000,2.800000,-0.003571,21000.000000,58770.000000
hk06188,2016-05-10,2.800000,2.800000,2.760000,2.800000,2.840000,-0.014085,34500.000000,96215.000000
hk06188,2016-05-09,2.840000,2.840000,2.840000,2.840000,2.840000,0.000000,10000.000000,28000.000000
hk06188,2016-05-06,2.800000,2.800000,2.800000,2.840000,2.870000,-0.010453,6000.000000,16800.000000
hk06188,2016-05-05,2.810000,2.870000,2.780000,2.870000,2.850000,0.007018,27500.000000,77740.000000
hk06188,2016-05-04,2.850000,2.850000,2.850000,2.850000,3.040000,-0.062500,2000.000000,5700.000000
hk06188,2016-04-29,2.860000,3.060000,2.860000,3.050000,2.860000,0.066434,25000.000000,72830.000000
hk06188,2016-04-27,2.890000,2.890000,2.850000,2.860000,2.900000,-0.013793,33000.000000,94910.000000
hk06188,2016-04-26,2.950000,2.950000,2.900000,2.900000,2.900000,0.000000,28000.000000,81550.000000
hk06188,2016-04-25,3.010000,3.160000,2.900000,2.900000,3.010000,-0.036545,148000.000000,437275.000000
hk06188,2016-04-22,3.020000,3.020000,3.000000,3.010000,3.190000,-0.056426,38000.000000,114210.000000
hk06188,2016-04-19,3.190000,3.190000,3.190000,3.190000,3.200000,-0.003125,1000.000000,3190.000000
hk06188,2016-04-18,3.200000,3.200000,3.200000,3.200000,3.250000,-0.015385,500.000000,1600.000000
hk06188,2016-04-13,3.560000,3.560000,3.300000,3.300000,3.360000,-0.017857,23500.000000,78210.000000
hk06188,2016-04-12,3.400000,3.400000,3.400000,3.360000,3.300000,0.018182,10000.000000,34000.000000
hk06188,2016-04-07,3.540000,3.540000,3.300000,3.300000,3.380000,-0.023669,20500.000000,67770.000000
hk06188,2016-03-31,3.100000,3.460000,3.080000,3.400000,3.320000,0.024096,77000.000000,249435.016000
hk06188,2016-03-30,3.430000,3.460000,3.280000,3.320000,3.250000,0.021538,100500.000000,338715.000000
hk06188,2016-03-24,3.190000,3.360000,3.160000,3.250000,3.090000,0.051780,117500.000000,377425.000000
hk06188,2016-03-23,3.090000,3.090000,3.090000,3.090000,2.900000,0.065517,500.000000,1545.000000
hk06188,2016-03-22,2.890000,2.900000,2.890000,2.900000,2.980000,-0.026846,6000.000000,17350.000000
hk06188,2016-03-21,2.890000,2.980000,2.890000,2.980000,3.100000,-0.038710,12000.000000,34960.000000
hk06188,2016-03-18,3.100000,3.100000,3.100000,3.100000,3.000000,0.033333,1500.000000,4650.000000
hk06188,2016-03-16,2.880000,3.000000,2.880000,3.000000,3.010000,-0.003322,1500.000000,4320.000000
hk06188,2016-03-14,2.910000,3.100000,2.910000,3.010000,3.000000,0.003333,35500.000000,105800.000000
hk06188,2016-03-11,3.290000,3.290000,2.950000,3.000000,3.100000,-0.032258,3000.000000,9190.000000
hk06188,2016-03-07,3.090000,3.250000,3.080000,3.100000,3.090000,0.003236,22500.000000,69660.000000
hk06188,2016-03-04,3.100000,3.100000,3.000000,3.090000,3.110000,-0.006431,31500.000000,97105.000000
hk06188,2016-03-03,3.100000,3.100000,3.100000,3.110000,3.240000,-0.040123,7000.000000,21700.000000
hk06188,2016-03-02,3.380000,3.380000,3.380000,3.240000,3.150000,0.028571,7000.000000,23660.000000
hk06188,2016-02-25,3.290000,3.290000,3.240000,3.150000,3.240000,-0.027778,2000.000000,6555.000000
hk06188,2016-02-23,3.240000,3.340000,3.230000,3.240000,3.240000,0.000000,2500.000000,8235.000000
hk06188,2016-02-22,3.450000,3.450000,3.240000,3.240000,3.190000,0.015674,10500.000000,34725.000000
hk06188,2016-02-19,3.500000,3.500000,3.190000,3.190000,3.190000,0.000000,50500.000000,163490.000000
hk06188,2016-02-18,3.010000,3.280000,3.010000,3.190000,3.240000,-0.015432,305000.000000,923575.000000
hk06188,2016-02-16,3.230000,3.240000,3.220000,3.240000,2.920000,0.109589,6800.000000,21896.000000
hk06188,2016-02-12,2.870000,2.870000,2.870000,2.920000,3.300000,-0.115152,14.000000,4305.000000
hk06188,2016-02-05,3.000000,3.300000,3.000000,3.300000,3.200000,0.031250,15500.000000,48050.000000
hk06188,2016-02-03,3.150000,3.200000,3.150000,3.200000,3.080000,0.038961,18000.000000,57200.000000
hk06188,2016-01-28,3.380000,3.380000,3.080000,3.080000,3.060000,0.006536,34500.000000,106420.000000
hk06188,2016-01-27,3.080000,3.080000,3.060000,3.060000,3.180000,-0.037736,18000.000000,55240.000000
hk06188,2016-01-26,3.380000,3.390000,3.180000,3.180000,3.180000,0.000000,19000.000000,62190.000000
hk06188,2016-01-21,3.220000,3.230000,3.050000,3.180000,3.220000,-0.012422,71500.000000,229804.984000
hk06188,2016-01-20,3.200000,3.500000,3.190000,3.220000,3.200000,0.006250,307000.000000,1010555.000000
hk06188,2016-01-19,3.300000,3.300000,3.200000,3.200000,3.100000,0.032258,15500.000000,51140.000000
hk06188,2016-01-18,3.000000,3.190000,2.990000,3.100000,3.000000,0.033333,168500.000000,519355.000000
hk06188,2016-01-14,3.000000,3.000000,3.000000,3.000000,3.140000,-0.044586,11000.000000,33000.000000
hk06188,2016-01-12,3.140000,3.140000,3.140000,3.140000,3.140000,0.000000,10000.000000,31400.000000
hk06188,2016-01-11,2.990000,3.210000,2.990000,3.140000,2.950000,0.064407,162000.000000,503775.000000
hk06188,2016-01-05,2.900000,2.900000,2.900000,2.900000,3.010000,-0.036545,40000.000000,116000.000000
hk06188,2016-01-04,3.000000,3.010000,3.000000,3.010000,3.000000,0.003333,2000.000000,6000.000000
hk06188,2015-12-28,3.010000,3.140000,2.950000,2.950000,3.060000,-0.035948,87000.000000,259540.000000
hk06188,2015-12-23,3.030000,3.030000,3.030000,3.060000,3.100000,-0.012903,500.000000,1515.000000
hk06188,2015-12-17,3.030000,3.190000,3.030000,3.080000,3.200000,-0.037500,112500.000000,348730.000000
hk06188,2015-12-15,3.200000,3.200000,3.200000,3.200000,3.330000,-0.039039,2500.000000,8000.000000
hk06188,2015-12-14,3.450000,3.450000,3.350000,3.330000,3.470000,-0.040346,5500.000000,18475.000000
hk06188,2015-12-11,3.830000,3.830000,3.470000,3.470000,3.240000,0.070988,2500.000000,8855.000000
hk06188,2015-12-04,3.360000,3.360000,3.240000,3.240000,3.410000,-0.049853,75500.000000,249170.000000
hk06188,2015-12-03,3.410000,3.570000,3.410000,3.410000,3.410000,0.000000,12500.000000,42705.000000
hk06188,2015-12-02,3.410000,3.410000,3.410000,3.410000,3.450000,-0.011594,5000.000000,17050.000000
hk06188,2015-12-01,3.450000,3.450000,3.450000,3.450000,3.500000,-0.014286,20000.000000,69000.000000
hk06188,2015-11-27,3.500000,3.500000,3.500000,3.500000,3.590000,-0.025070,7000.000000,24500.000000
hk06188,2015-11-26,3.590000,3.590000,3.590000,3.590000,3.590000,0.000000,1500.000000,5385.000000
hk06188,2015-11-25,3.660000,3.670000,3.660000,3.590000,3.490000,0.028653,15000.000000,55015.000000
hk06188,2015-11-23,3.410000,3.490000,3.410000,3.490000,3.450000,0.011594,59500.000000,203075.000000
hk06188,2015-11-20,3.460000,3.640000,3.450000,3.450000,3.450000,0.000000,18500.000000,64145.000000
hk06188,2015-11-19,3.460000,3.460000,3.450000,3.450000,3.500000,-0.014286,7500.000000,25920.000000
hk06188,2015-11-18,3.490000,3.500000,3.490000,3.500000,3.500000,0.000000,232500.000000,813730.000000
hk06188,2015-11-17,3.350000,3.500000,3.350000,3.500000,3.380000,0.035503,15000.000000,51750.000000
hk06188,2015-11-16,3.390000,3.410000,3.380000,3.380000,3.410000,-0.008798,224500.000000,762270.000000
hk06188,2015-11-13,3.710000,3.710000,3.410000,3.410000,3.480000,-0.020115,61000.000000,224990.000000
hk06188,2015-11-12,3.580000,3.580000,3.580000,3.480000,3.390000,0.026549,500.000000,1790.000000
hk06188,2015-11-11,3.350000,3.430000,3.350000,3.390000,3.440000,-0.014535,34000.000000,115720.000000
hk06188,2015-11-10,3.350000,3.440000,3.350000,3.440000,3.430000,0.002915,41000.000000,140590.000000
hk06188,2015-11-09,3.320000,3.480000,3.320000,3.430000,3.260000,0.052147,78500.000000,265540.000000
hk06188,2015-11-06,3.150000,3.400000,3.150000,3.260000,3.320000,-0.018072,48500.000000,155850.000000
hk06188,2015-11-05,3.390000,3.390000,3.310000,3.320000,3.350000,-0.008955,6000.000000,20050.000000
hk06188,2015-11-04,3.340000,3.510000,3.320000,3.350000,3.250000,0.030769,37500.000000,125475.000000
hk06188,2015-11-03,3.250000,3.260000,3.240000,3.250000,3.130000,0.038339,8500.000000,27615.000000
hk06188,2015-11-02,3.200000,3.550000,3.130000,3.130000,3.320000,-0.057229,196500.000000,650495.000000
hk06188,2015-10-30,3.110000,3.320000,3.110000,3.320000,3.200000,0.037500,10000.000000,31390.000000
hk06188,2015-10-29,3.190000,3.190000,3.190000,3.200000,3.190000,0.003135,6000.000000,19140.000000
hk06188,2015-10-26,3.200000,3.200000,3.160000,3.200000,3.200000,0.000000,32500.000000,103920.000000
hk06188,2015-10-23,3.190000,3.200000,3.190000,3.200000,3.130000,0.022364,32500.000000,103980.000000
hk06188,2015-10-20,3.120000,3.120000,3.120000,3.120000,3.200000,-0.025000,2000.000000,6240.000000
hk06188,2015-10-19,3.130000,3.270000,3.110000,3.200000,3.120000,0.025641,34500.000000,110570.000000
hk06188,2015-10-16,3.200000,3.200000,3.110000,3.120000,3.200000,-0.025000,20000.000000,63100.000000
hk06188,2015-10-15,3.210000,3.330000,3.200000,3.200000,3.160000,0.012658,27000.000000,87400.000000
hk06188,2015-10-14,3.250000,3.250000,3.160000,3.160000,3.250000,-0.027692,16000.000000,51130.000000
hk06188,2015-10-13,3.250000,3.250000,3.250000,3.250000,3.390000,-0.041298,3000.000000,9750.000000
hk06188,2015-10-12,3.130000,3.400000,3.130000,3.390000,3.330000,0.018018,15000.000000,47755.000000
hk06188,2015-10-09,3.350000,3.400000,3.330000,3.330000,3.260000,0.021472,15000.000000,50195.000000
hk06188,2015-10-08,3.260000,3.260000,3.260000,3.260000,3.280000,-0.006098,1500.000000,4890.000000
hk06188,2015-10-07,3.050000,3.380000,3.040000,3.280000,3.230000,0.015480,15000.000000,46810.000000
hk06188,2015-10-06,3.220000,3.400000,3.050000,3.230000,3.200000,0.009375,84500.000000,274770.000000
hk06188,2015-10-05,3.350000,3.350000,3.200000,3.200000,3.200000,0.000000,22000.000000,70550.000000
hk06188,2015-10-02,3.160000,3.470000,3.160000,3.200000,3.090000,0.035599,119000.000000,381875.000000
hk06188,2015-09-30,3.090000,3.090000,3.090000,3.090000,3.080000,0.003247,500.000000,1545.000000
hk06188,2015-09-29,3.080000,3.080000,3.080000,3.080000,3.110000,-0.009646,5000.000000,15400.000000
hk06188,2015-09-25,3.110000,3.110000,3.110000,3.110000,3.290000,-0.054711,500.000000,1555.000000
hk06188,2015-09-24,3.080000,3.350000,3.080000,3.290000,3.180000,0.034591,1500.000000,4755.000000
hk06188,2015-09-23,3.360000,3.360000,3.360000,3.180000,3.360000,-0.053571,23500.000000,78960.000000
hk06188,2015-09-22,3.370000,3.370000,3.370000,3.360000,3.380000,-0.005917,500.000000,1685.000000
hk06188,2015-09-18,3.200000,3.410000,3.200000,3.380000,3.350000,0.008955,21500.000000,70740.000000
hk06188,2015-09-17,3.350000,3.350000,3.350000,3.350000,3.390000,-0.011799,1000.000000,3350.000000
hk06188,2015-09-16,3.390000,3.390000,3.360000,3.390000,3.250000,0.043077,1500.000000,5070.000000
hk06188,2015-09-15,3.200000,3.440000,3.200000,3.250000,3.370000,-0.035608,84500.000000,274520.000000
hk06188,2015-09-14,3.480000,3.480000,3.250000,3.370000,3.480000,-0.031609,21000.000000,70995.000000
hk06188,2015-09-11,3.320000,3.500000,3.210000,3.480000,3.870000,-0.100775,211000.000000,711160.000000
hk06188,2015-09-09,3.830000,3.830000,3.830000,3.870000,3.830000,0.010444,4000.000000,15320.000000
hk06188,2015-09-08,3.850000,3.850000,3.850000,3.830000,3.760000,0.018617,500.000000,1925.000000
hk06188,2015-09-07,3.570000,3.570000,3.570000,3.760000,3.570000,0.053221,4000.000000,14280.000000
hk06188,2015-09-04,3.700000,3.700000,3.700000,3.570000,3.570000,0.000000,53000.000000,196100.000000
hk06188,2015-08-28,3.630000,3.640000,3.630000,3.600000,3.650000,-0.013699,20500.000000,74560.000000
hk06188,2015-08-27,3.500000,3.900000,3.500000,3.650000,3.190000,0.144201,49500.000000,183145.000000
hk06188,2015-08-26,3.300000,3.650000,3.190000,3.190000,3.390000,-0.058997,31500.000000,104550.000000
hk06188,2015-08-25,3.300000,3.500000,3.300000,3.390000,3.500000,-0.031429,43500.000000,145440.000000
hk06188,2015-08-21,4.000000,4.000000,2.800000,3.680000,4.200000,-0.123810,278000.000000,910960.000000
hk06188,2015-08-18,4.290000,4.290000,4.290000,4.290000,3.990000,0.075188,12000.000000,51480.000000
hk06188,2015-08-17,4.000000,4.000000,3.990000,3.990000,4.180000,-0.045455,2500.000000,9995.000000
hk06188,2015-08-11,4.300000,4.300000,4.200000,4.200000,4.200000,0.000000,70000.000000,295060.000000
hk06188,2015-08-10,4.200000,4.200000,4.200000,4.200000,4.220000,-0.004739,2500.000000,10500.000000
hk06188,2015-08-07,4.220000,4.220000,4.220000,4.220000,4.100000,0.029268,1000.000000,4220.000000
hk06188,2015-08-06,4.190000,4.300000,4.100000,4.100000,4.280000,-0.042056,43500.000000,184605.000000
hk06188,2015-08-05,4.300000,4.300000,4.300000,4.280000,4.130000,0.036320,3500.000000,14840.000000
hk06188,2015-08-04,4.130000,4.130000,4.130000,4.130000,4.130000,0.000000,500.000000,2065.000000
hk06188,2015-08-03,4.300000,4.300000,4.300000,4.130000,4.300000,-0.039535,13000.000000,55900.000000
hk06188,2015-07-30,4.000000,4.490000,4.000000,4.300000,4.030000,0.066998,33000.000000,132755.000000
hk06188,2015-07-29,4.050000,4.050000,4.019000,4.030000,3.980000,0.012563,13500.000000,54415.000000
hk06188,2015-07-28,4.030000,4.040000,3.980000,3.980000,4.040000,-0.014851,11000.000000,44035.000000
hk06188,2015-07-27,4.030000,4.040000,4.030000,4.040000,4.550000,-0.112088,14500.000000,58540.000000
hk06188,2015-07-24,4.290000,4.540000,4.290000,4.550000,4.120000,0.104369,117000.000000,504125.000000
hk06188,2015-07-23,4.100000,4.100000,4.100000,4.120000,4.120000,0.000000,10000.000000,41000.000000
hk06188,2015-07-22,4.090000,4.090000,4.080000,4.120000,4.110000,0.002433,5000.000000,20430.000000
hk06188,2015-07-21,4.110000,4.110000,4.110000,4.110000,4.130000,-0.004843,16000.000000,65760.000000
hk06188,2015-07-20,4.130000,4.130000,4.130000,4.130000,4.150000,-0.004819,18000.000000,74340.000000
hk06188,2015-07-17,4.140000,4.140000,4.140000,4.150000,4.130000,0.004843,2500.000000,10350.000000
hk06188,2015-07-16,4.130000,4.130000,4.130000,4.130000,4.330000,-0.046189,6500.000000,27185.000000
hk06188,2015-07-15,4.580000,4.580000,4.330000,4.330000,4.400000,-0.015909,2500.000000,10965.000000
hk06188,2015-07-14,4.000000,4.690000,4.000000,4.400000,4.000000,0.100000,595500.000000,2682930.000000
hk06188,2015-07-13,4.000000,4.000000,3.940000,4.000000,4.000000,0.000000,15000.000000,59700.000000
hk06188,2015-07-10,4.290000,4.310000,3.610000,4.000000,3.990000,0.002506,292500.000000,1208310.000000
hk06188,2015-07-09,3.600000,4.430000,3.070000,3.990000,3.200000,0.246875,432500.000000,1566655.000000
hk06188,2015-07-08,3.810000,3.810000,3.200000,3.200000,3.960000,-0.191919,320500.000000,1063870.000000
hk06188,2015-07-07,4.010000,4.100000,4.000000,3.960000,4.050000,-0.022222,67500.000000,271230.000000
hk06188,2015-07-06,4.420000,4.420000,3.800000,4.050000,4.830000,-0.161491,219000.000000,900780.000000
hk06188,2015-07-03,5.090000,5.090000,4.500000,4.830000,4.980000,-0.030120,239500.000000,1166495.000000
hk06188,2015-07-02,5.190000,5.190000,4.970000,4.980000,5.130000,-0.029240,20000.000000,99725.000000
hk06188,2015-06-30,4.840000,5.300000,4.600000,5.130000,4.800000,0.068750,62500.000000,309635.000000
hk06188,2015-06-29,5.330000,5.330000,4.600000,4.800000,5.170000,-0.071567,246000.000000,1185435.000000
hk06188,2015-06-26,5.200000,5.210000,5.140000,5.170000,5.340000,-0.031835,156000.000000,808530.000000
hk06188,2015-06-25,5.180000,5.430000,5.180000,5.340000,5.280000,0.011364,87500.000000,469775.000000
hk06188,2015-06-24,5.240000,5.280000,5.170000,5.280000,5.230000,0.009560,48500.000000,254630.000000
hk06188,2015-06-23,5.290000,5.320000,5.230000,5.230000,5.220000,0.001916,55500.000000,292395.000000
hk06188,2015-06-22,5.120000,5.290000,5.120000,5.220000,5.170000,0.009671,23500.000000,122270.000000
hk06188,2015-06-19,5.340000,5.600000,4.820000,5.170000,5.350000,-0.033645,62000.000000,325985.000000
hk06188,2015-06-18,5.190000,5.550000,5.120000,5.350000,5.050000,0.059406,403500.000000,2137730.000000
hk06188,2015-06-17,5.190000,5.190000,4.950000,5.050000,5.160000,-0.021318,245000.000000,1232485.000000
hk06188,2015-06-16,5.200000,5.200000,5.090000,5.160000,5.130000,0.005848,126500.000000,648265.000000
hk06188,2015-06-15,5.200000,5.350000,5.120000,5.130000,5.220000,-0.017241,196500.000000,1028870.000000
hk06188,2015-06-12,5.330000,5.340000,5.130000,5.220000,5.310000,-0.016949,242000.000000,1265290.000000
hk06188,2015-06-11,5.340000,5.340000,5.260000,5.310000,5.240000,0.013359,50000.000000,265315.000000
hk06188,2015-06-10,5.260000,5.350000,4.910000,5.240000,5.350000,-0.020561,606500.000000,3170245.000000
hk06188,2015-06-09,5.450000,5.450000,5.300000,5.350000,5.440000,-0.016544,174500.000000,938285.000000
hk06188,2015-06-08,5.440000,5.590000,5.330000,5.440000,5.450000,-0.001835,357000.000000,1935995.000000
hk06188,2015-06-05,5.500000,5.500000,5.410000,5.450000,5.500000,-0.009091,284000.000000,1547585.000000
hk06188,2015-06-04,5.750000,5.850000,5.500000,5.500000,5.750000,-0.043478,293500.000000,1638715.000000
hk06188,2015-06-03,5.640000,5.840000,5.640000,5.750000,5.820000,-0.012027,210500.000000,1220380.000000
hk06188,2015-06-02,5.900000,6.020000,5.750000,5.820000,5.900000,-0.013559,284500.000000,1659245.000000
hk06188,2015-06-01,5.850000,6.100000,5.680000,5.900000,5.620000,0.049822,791500.000000,4695080.000000
hk06188,2015-05-29,6.490000,6.600000,5.000000,5.620000,6.320000,-0.110759,638000.000000,3711310.000000
hk06188,2015-05-28,6.310000,6.600000,6.300000,6.320000,6.300000,0.003175,419500.000000,2680995.000000
hk06188,2015-05-27,7.190000,7.190000,6.200000,6.300000,7.160000,-0.120112,1023500.000000,6621940.000000
hk06188,2015-05-26,6.950000,8.590000,6.950000,7.160000,6.800000,0.052941,3216000.000000,24452695.000000
hk06188,2015-05-22,6.800000,6.800000,6.800000,6.800000,4.750000,0.431579,1690500.000000,11772505.000000
hk06188,2015-05-21,5.090000,5.090000,4.730000,4.750000,4.710000,0.008493,17500.000000,85105.000000
hk06188,2015-05-19,4.700000,4.700000,4.700000,4.700000,4.900000,-0.040816,40000.000000,188000.000000
hk06188,2015-05-18,5.090000,5.090000,5.090000,4.900000,4.930000,-0.006085,4000.000000,20360.000000
hk06188,2015-05-14,4.800000,5.000000,4.690000,4.940000,4.570000,0.080963,150500.000000,732900.000000
hk06188,2015-05-13,4.530000,4.570000,4.530000,4.570000,4.400000,0.038636,57000.000000,258440.000000
hk06188,2015-05-12,4.590000,4.600000,4.400000,4.400000,4.600000,-0.043478,65500.000000,298975.000000
hk06188,2015-05-07,4.640000,4.660000,4.640000,4.660000,4.600000,0.013043,10000.000000,46515.000000
hk06188,2015-05-06,4.610000,4.620000,4.600000,4.600000,4.620000,-0.004329,14500.000000,66750.000000
hk06188,2015-05-05,4.630000,4.630000,4.300000,4.620000,4.630000,-0.002160,116000.000000,504315.000000
hk06188,2015-05-04,4.510000,4.630000,4.430000,4.630000,4.510000,0.026608,133500.000000,595585.000000
hk06188,2015-04-30,4.650000,4.650000,4.500000,4.510000,4.790000,-0.058455,125000.000000,570940.000000
hk06188,2015-04-29,4.500000,5.000000,4.400000,4.790000,4.500000,0.064444,127000.000000,570535.000000
hk06188,2015-04-28,4.700000,4.700000,4.500000,4.500000,4.880000,-0.077869,264000.000000,1231435.000000
hk06188,2015-04-27,4.850000,4.890000,4.850000,4.880000,4.890000,-0.002045,137000.000000,667380.000000
hk06188,2015-04-24,4.860000,4.910000,4.850000,4.890000,4.900000,-0.002041,143500.000000,702650.000000
hk06188,2015-04-23,4.850000,4.990000,4.750000,4.900000,4.700000,0.042553,497500.000000,2437620.000000
hk06188,2015-04-22,4.660000,4.660000,4.660000,4.700000,4.850000,-0.030928,8500.000000,39610.000000
hk06188,2015-04-21,5.260000,5.260000,4.600000,4.850000,4.520000,0.073009,58000.000000,275570.000000
hk06188,2015-04-20,4.800000,4.830000,4.500000,4.520000,4.800000,-0.058333,276000.000000,1310375.000000
hk06188,2015-04-17,4.850000,4.850000,4.800000,4.800000,4.740000,0.012658,66500.000000,321535.000000
hk06188,2015-04-16,4.900000,4.900000,4.720000,4.740000,4.900000,-0.032653,129500.000000,625150.000000
hk06188,2015-04-15,5.120000,5.160000,4.900000,4.900000,5.090000,-0.037328,145500.000000,733310.000000
hk06188,2015-04-14,5.420000,5.450000,5.090000,5.090000,5.450000,-0.066055,97000.000000,522285.000000
hk06188,2015-04-13,5.100000,5.480000,5.080000,5.450000,5.030000,0.083499,281500.000000,1502170.000000
hk06188,2015-04-10,4.840000,5.030000,4.840000,5.030000,4.840000,0.039256,130000.000000,648265.000000
hk06188,2015-04-09,4.800000,4.840000,4.800000,4.840000,4.880000,-0.008197,124000.000000,597105.000000
hk06188,2015-04-08,4.900000,5.000000,4.880000,4.880000,4.910000,-0.006110,91000.000000,448955.000000
hk06188,2015-04-02,5.000000,5.150000,4.810000,4.910000,4.930000,-0.004057,139500.000000,709800.000000
hk06188,2015-04-01,4.720000,5.000000,4.720000,4.930000,4.650000,0.060215,268500.000000,1327245.000000
hk06188,2015-03-31,4.210000,4.660000,4.200000,4.650000,4.230000,0.099291,247500.000000,1105550.000000
hk06188,2015-03-27,4.180000,4.230000,4.180000,4.230000,4.200000,0.007143,12500.000000,52510.000000
hk06188,2015-03-26,4.180000,4.250000,4.180000,4.200000,4.200000,0.000000,1000.000000,4190.000000
hk06188,2015-03-25,4.190000,4.200000,4.190000,4.200000,4.190000,0.002387,8500.000000,35650.000000
hk06188,2015-03-24,4.180000,4.260000,4.180000,4.190000,4.180000,0.002392,57000.000000,239250.000000
hk06188,2015-03-23,4.180000,4.190000,4.180000,4.180000,4.180000,0.000000,33000.000000,137960.000000
hk06188,2015-03-20,4.310000,4.320000,4.160000,4.180000,4.320000,-0.032407,62500.000000,268475.000000
hk06188,2015-03-19,4.400000,4.400000,4.000000,4.320000,4.320000,0.000000,67000.000000,289610.000000
hk06188,2015-03-18,4.330000,4.350000,4.290000,4.320000,4.290000,0.006993,83500.000000,359985.000000
hk06188,2015-03-17,4.300000,4.300000,4.300000,4.290000,4.290000,0.000000,500.000000,2150.000000
hk06188,2015-03-16,4.100000,4.290000,4.000000,4.290000,4.100000,0.046341,107500.000000,440995.000000
hk06188,2015-03-13,4.100000,4.100000,4.100000,4.100000,4.050000,0.012346,6000.000000,24600.000000
hk06188,2015-03-11,3.860000,4.050000,3.860000,4.050000,4.200000,-0.035714,3500.000000,13890.000000
hk06188,2015-03-06,4.280000,4.300000,4.280000,4.280000,4.300000,-0.004651,27000.000000,115600.000000
hk06188,2015-03-05,3.950000,4.300000,3.950000,4.300000,4.200000,0.023810,85500.000000,352485.000000
hk06188,2015-03-04,4.100000,4.200000,4.100000,4.200000,3.950000,0.063291,161500.000000,672550.000000
hk06188,2015-03-03,3.950000,3.950000,3.950000,3.950000,4.190000,-0.057279,19000.000000,75050.000000
hk06188,2015-03-02,3.600000,4.200000,3.600000,4.190000,3.820000,0.096859,25000.000000,95875.000000
hk06188,2015-02-27,3.820000,3.820000,3.820000,3.820000,3.840000,-0.005208,5500.000000,21010.000000
hk06188,2015-02-25,3.820000,3.820000,3.820000,3.820000,4.000000,-0.045000,500.000000,1910.000000
hk06188,2015-02-23,3.490000,4.500000,3.480000,4.030000,3.480000,0.158046,69000.000000,274230.000000
hk06188,2015-02-17,3.480000,3.480000,3.480000,3.480000,3.500000,-0.005714,6000.000000,20880.000000
hk06188,2015-02-13,3.500000,3.500000,3.500000,3.500000,3.500000,0.000000,176000.000000,616000.000000
hk06188,2015-02-12,3.500000,3.500000,3.500000,3.500000,3.500000,0.000000,1000.000000,3500.000000
hk06188,2015-02-10,3.500000,3.500000,3.500000,3.500000,3.500000,0.000000,14000.000000,48960.000000
hk06188,2015-02-09,3.500000,3.500000,3.500000,3.500000,3.500000,0.000000,1000.000000,3325.000000
hk06188,2015-01-29,3.550000,3.550000,3.550000,3.550000,3.580000,-0.008380,6000.000000,21300.000000
hk06188,2015-01-28,3.500000,3.510000,3.500000,3.580000,3.600000,-0.005556,7000.000000,24565.000000
hk06188,2015-01-21,3.830000,3.830000,3.830000,3.700000,3.650000,0.013699,2000.000000,7660.000000
hk06188,2015-01-20,3.650000,3.650000,3.650000,3.650000,3.650000,0.000000,10000.000000,36500.000000
hk06188,2015-01-09,3.650000,3.650000,3.650000,3.650000,3.650000,0.000000,5500.000000,20075.000000
hk06188,2015-01-08,3.500000,3.650000,3.500000,3.650000,3.640000,0.002747,13500.000000,49150.000000
hk06188,2015-01-07,3.650000,3.650000,3.650000,3.640000,3.550000,0.025352,3000.000000,10950.000000
hk06188,2015-01-06,3.550000,3.550000,3.550000,3.550000,3.480000,0.020115,1000.000000,3550.000000
hk06188,2015-01-05,3.350000,3.350000,3.350000,3.480000,3.350000,0.038806,1500.000000,5025.000000
hk06188,2014-12-31,3.350000,3.350000,3.350000,3.350000,3.350000,0.000000,1000.000000,3350.000000
hk06188,2014-12-29,3.410000,3.410000,3.350000,3.350000,3.550000,-0.056338,5500.000000,18725.000000
hk06188,2014-12-23,3.550000,3.550000,3.550000,3.550000,3.550000,0.000000,500.000000,1745.000000
hk06188,2014-12-17,3.550000,3.550000,3.550000,3.550000,3.700000,-0.040541,13000.000000,46150.000000
hk06188,2014-12-16,3.680000,3.700000,3.650000,3.700000,3.670000,0.008174,29000.000000,106465.000000
hk06188,2014-12-15,3.600000,3.670000,3.600000,3.670000,3.670000,0.000000,1000.000000,3635.000000
hk06188,2014-12-11,3.500000,3.740000,3.500000,3.740000,3.970000,-0.057935,32500.000000,116835.000000
hk06188,2014-12-09,3.580000,4.010000,3.500000,3.970000,3.640000,0.090659,44500.000000,163430.000000
hk06188,2014-12-05,3.660000,3.660000,3.640000,3.640000,3.660000,-0.005464,28000.000000,102000.000000
hk06188,2014-12-04,3.660000,3.670000,3.660000,3.660000,3.750000,-0.024000,13000.000000,47585.000000
hk06188,2014-12-03,3.800000,3.850000,3.750000,3.750000,3.960000,-0.053030,12500.000000,48040.000000
hk06188,2014-12-02,3.960000,3.960000,3.960000,3.960000,3.990000,-0.007519,500.000000,1980.000000
hk06188,2014-11-28,4.000000,4.000000,4.000000,4.000000,4.059000,-0.014536,5000.000000,20000.000000
hk06188,2014-11-27,4.080000,4.080000,4.080000,4.059000,4.090000,-0.007579,10000.000000,40800.000000
hk06188,2014-11-20,4.170000,4.170000,4.150000,4.150000,3.920000,0.058673,12000.000000,49880.000000
hk06188,2014-11-19,3.840000,3.840000,3.840000,3.920000,3.920000,0.000000,1000.000000,3840.000000
hk06188,2014-11-17,4.000000,4.000000,3.910000,3.920000,4.170000,-0.059952,21500.000000,84355.000000
hk06188,2014-11-14,4.170000,4.180000,4.170000,4.170000,4.170000,0.000000,15000.000000,62605.000000
hk06188,2014-11-13,3.800000,4.180000,3.800000,4.170000,4.180000,-0.002392,31000.000000,126300.000000
hk06188,2014-11-12,4.090000,4.180000,4.090000,4.180000,4.019000,0.040060,63500.000000,261390.000000
hk06188,2014-11-11,4.020000,4.020000,4.020000,4.019000,4.019000,0.000000,8000000.000000,32000000.000000
hk06188,2014-11-10,4.019000,4.019000,4.019000,4.019000,3.910000,0.027877,1000.000000,4020.000000
hk06188,2014-11-07,4.000000,4.000000,3.870000,3.910000,4.000000,-0.022500,70000.000000,279720.000000
hk06188,2014-11-06,3.810000,4.000000,3.800000,4.000000,4.130000,-0.031477,91500.000000,359200.000000
hk06188,2014-11-05,4.140000,4.150000,4.140000,4.130000,4.100000,0.007317,7000.000000,29035.000000
hk06188,2014-10-31,3.930000,4.160000,3.930000,4.120000,3.930000,0.048346,16500.000000,65860.000000
hk06188,2014-10-30,4.010000,4.190000,3.890000,3.930000,4.059000,-0.031781,45000.000000,179620.000000
hk06188,2014-10-29,4.170000,4.170000,4.050000,4.059000,4.210000,-0.035867,144000.000000,586260.000000
hk06188,2014-10-28,4.200000,4.200000,4.200000,4.210000,4.210000,0.000000,2000.000000,8400.000000
hk06188,2014-10-27,4.200000,4.220000,4.200000,4.210000,4.100000,0.026829,19500.000000,82025.000000
hk06188,2014-10-24,4.090000,4.100000,4.090000,4.100000,4.100000,0.000000,34000.000000,139340.000000
hk06188,2014-10-23,4.059000,4.059000,4.059000,4.100000,4.110000,-0.002433,27500.000000,111830.000000
hk06188,2014-10-22,4.110000,4.110000,4.110000,4.110000,4.180000,-0.016746,4000.000000,16440.000000
hk06188,2014-10-21,4.110000,4.180000,4.100000,4.180000,4.190000,-0.002387,34500.000000,143105.000000
hk06188,2014-10-20,4.170000,4.200000,4.059000,4.190000,4.050000,0.034568,7000.000000,28930.000000
hk06188,2014-10-17,4.380000,4.380000,4.010000,4.050000,4.210000,-0.038005,2000.000000,8390.000000
hk06188,2014-10-16,4.200000,4.210000,4.200000,4.210000,4.200000,0.002381,17000.000000,71450.000000
hk06188,2014-10-15,4.200000,4.200000,4.120000,4.200000,4.280000,-0.018692,70000.000000,290465.000000
hk06188,2014-10-14,4.270000,4.290000,4.270000,4.280000,4.270000,0.002342,25500.000000,109265.000000
hk06188,2014-10-13,4.260000,4.260000,4.260000,4.270000,4.450000,-0.040449,20000.000000,85200.000000
hk06188,2014-10-10,4.490000,4.500000,4.480000,4.450000,4.340000,0.025346,15500.000000,69535.000000
hk06188,2014-10-09,4.300000,4.320000,4.300000,4.340000,4.470000,-0.029083,3000.000000,12950.000000
hk06188,2014-10-08,4.500000,4.500000,4.480000,4.470000,4.500000,-0.006667,6000.000000,26930.000000
hk06188,2014-10-07,4.540000,4.540000,4.490000,4.500000,4.490000,0.002227,20500.000000,92220.000000
hk06188,2014-10-06,4.190000,4.590000,4.190000,4.490000,4.190000,0.071599,37500.000000,166545.000000
hk06188,2014-10-03,4.200000,4.200000,4.190000,4.190000,4.210000,-0.004751,27500.000000,115490.000000
hk06188,2014-09-30,4.210000,4.210000,4.210000,4.210000,4.360000,-0.034404,1500.000000,6315.000000
hk06188,2014-09-29,4.400000,4.400000,4.250000,4.360000,4.550000,-0.041758,207000.000000,896645.000000
hk06188,2014-09-26,4.550000,4.550000,4.550000,4.550000,4.550000,0.000000,33500.000000,152425.000000
hk06188,2014-09-25,4.560000,4.560000,4.560000,4.550000,4.590000,-0.008715,9500.000000,43320.000000
hk06188,2014-09-24,4.590000,4.600000,4.590000,4.590000,4.560000,0.006579,10000.000000,45955.000000
hk06188,2014-09-23,4.370000,4.560000,4.370000,4.560000,4.570000,-0.002188,35500.000000,158555.000000
hk06188,2014-09-22,4.220000,4.570000,4.220000,4.570000,4.580000,-0.002183,34500.000000,152585.000000
hk06188,2014-09-19,4.580000,4.580000,4.580000,4.580000,4.560000,0.004386,2500.000000,11450.000000
hk06188,2014-09-18,4.460000,4.620000,4.380000,4.560000,4.640000,-0.017241,42500.000000,193125.000000
hk06188,2014-09-17,4.290000,4.690000,4.290000,4.640000,4.300000,0.079070,102500.000000,467510.000000
hk06188,2014-09-16,4.310000,4.330000,4.230000,4.300000,4.480000,-0.040179,57000.000000,245430.000000
hk06188,2014-09-15,4.550000,4.550000,4.460000,4.480000,4.620000,-0.030303,45500.000000,206510.000000
hk06188,2014-09-12,4.500000,4.700000,4.350000,4.620000,4.700000,-0.017021,164500.000000,745560.000000
hk06188,2014-09-11,4.690000,4.730000,4.690000,4.700000,4.740000,-0.008439,14500.000000,68165.000000
hk06188,2014-09-10,4.760000,4.760000,4.700000,4.740000,4.830000,-0.018634,104500.000000,492990.000000
hk06188,2014-09-08,4.690000,4.880000,4.610000,4.830000,4.700000,0.027660,143500.000000,683405.000000
hk06188,2014-09-05,4.780000,4.800000,4.700000,4.700000,4.780000,-0.016736,46500.000000,223020.000000
hk06188,2014-09-04,4.800000,4.800000,4.780000,4.780000,4.800000,-0.004167,16000.000000,76500.000000
hk06188,2014-09-03,4.750000,4.880000,4.750000,4.800000,4.720000,0.016949,87500.000000,418885.000000
hk06188,2014-09-02,4.680000,4.870000,4.680000,4.720000,4.700000,0.004255,155500.000000,737275.000000
hk06188,2014-09-01,4.710000,4.720000,4.700000,4.700000,4.750000,-0.010526,85500.000000,402310.000000
hk06188,2014-08-29,4.730000,4.830000,4.730000,4.750000,4.920000,-0.034553,119500.000000,571780.000000
hk06188,2014-08-28,4.610000,4.930000,4.600000,4.920000,4.550000,0.081319,594000.000000,2897555.000000
hk06188,2014-08-27,4.510000,4.590000,4.300000,4.550000,4.650000,-0.021505,176000.000000,774385.000000
hk06188,2014-08-25,4.670000,4.670000,4.420000,4.670000,4.700000,-0.006383,91000.000000,412010.000000
hk06188,2014-08-22,4.500000,4.700000,4.500000,4.700000,4.800000,-0.020833,32000.000000,147280.000000
hk06188,2014-08-21,4.710000,4.800000,4.710000,4.800000,4.690000,0.023454,187500.000000,893090.000000
hk06188,2014-08-20,4.670000,4.820000,4.660000,4.690000,4.760000,-0.014706,546000.000000,2575975.000000
hk06188,2014-08-19,4.850000,4.990000,4.700000,4.760000,4.840000,-0.016529,393000.000000,1893200.000000
hk06188,2014-08-18,5.100000,5.100000,4.710000,4.840000,4.900000,-0.012245,593000.000000,2879635.000000
hk06188,2014-08-15,4.650000,4.980000,4.650000,4.900000,4.620000,0.060606,2145500.000000,10370505.000000
hk06188,2014-08-14,4.350000,4.680000,4.350000,4.620000,4.280000,0.079439,2224500.000000,10280520.000000
hk06188,2014-08-13,3.980000,4.380000,3.900000,4.280000,3.880000,0.103093,1292500.000000,5488340.000000
hk06188,2014-08-12,3.860000,3.880000,3.860000,3.880000,3.860000,0.005181,14500.000000,56080.000000
hk06188,2014-08-11,3.870000,3.870000,3.860000,3.860000,3.850000,0.002597,33000.000000,127610.000000
hk06188,2014-08-08,3.980000,3.980000,3.850000,3.850000,3.960000,-0.027778,255500.000000,991110.000000
hk06188,2014-08-07,4.180000,4.180000,3.920000,3.960000,4.170000,-0.050360,176000.000000,713955.000000
hk06188,2014-08-06,4.080000,4.170000,4.050000,4.170000,4.100000,0.017073,66500.000000,275615.000000
hk06188,2014-08-05,4.200000,4.200000,4.050000,4.100000,4.200000,-0.023810,234500.000000,977520.000000
hk06188,2014-08-04,4.400000,4.400000,4.150000,4.200000,4.400000,-0.045455,47500.000000,200435.000000
hk06188,2014-08-01,4.560000,4.560000,4.190000,4.400000,4.610000,-0.045553,217500.000000,957345.000000
hk06188,2014-07-31,4.550000,4.550000,4.550000,4.610000,4.650000,-0.008602,22500.000000,102375.000000
hk06188,2014-07-30,4.630000,4.650000,4.520000,4.650000,4.700000,-0.010638,47500.000000,218380.000000
hk06188,2014-07-29,4.650000,4.710000,4.580000,4.700000,4.700000,0.000000,74000.000000,347280.000000
hk06188,2014-07-28,4.560000,4.710000,4.560000,4.700000,4.560000,0.030702,119000.000000,557910.000000
hk06188,2014-07-25,4.960000,4.960000,4.510000,4.560000,4.980000,-0.084337,365000.000000,1726445.000000
hk06188,2014-07-24,5.100000,5.100000,4.960000,4.980000,5.020000,-0.007968,108500.000000,542045.000000
hk06188,2014-07-23,5.160000,5.160000,5.000000,5.020000,5.120000,-0.019531,192500.000000,969550.000000
hk06188,2014-07-22,5.100000,5.120000,4.950000,5.120000,5.110000,0.001957,291000.000000,1482175.000000
hk06188,2014-07-21,5.260000,5.260000,5.050000,5.110000,5.160000,-0.009690,606000.000000,3092535.000000
hk06188,2014-07-18,5.100000,5.200000,5.050000,5.160000,5.110000,0.009785,720500.000000,3705805.000000
hk06188,2014-07-17,5.040000,5.150000,5.040000,5.110000,5.040000,0.013889,419500.000000,2134245.000000
hk06188,2014-07-16,5.050000,5.050000,5.000000,5.040000,5.050000,-0.001980,322500.000000,1620375.000000
hk06188,2014-07-15,5.100000,5.100000,5.000000,5.050000,5.090000,-0.007859,233000.000000,1178020.000000
hk06188,2014-07-14,5.090000,5.100000,5.070000,5.090000,5.090000,0.000000,868500.000000,4420680.000000
hk06188,2014-07-11,5.140000,5.140000,5.040000,5.090000,5.090000,0.000000,1213500.000000,6188470.000000
hk06188,2014-07-10,5.090000,5.120000,4.920000,5.090000,5.080000,0.001969,1451500.000000,7339475.000000
hk06188,2014-07-09,5.070000,5.110000,4.960000,5.080000,5.070000,0.001972,2443500.000000,12286070.000000
hk06188,2014-07-08,5.300000,5.320000,4.900000,5.070000,,,19268000.000000,98321445.000000
